FatWhiteEye_TRINITY_DN13803_c0_g1::TRINITY_DN13803_c0_g1_i1::g.30836::m.30836	MG020522.1	48.120	133	68	1	1	133	144	275	6.64e-42	134
FatWhiteEye_TRINITY_DN13803_c0_g1::TRINITY_DN13803_c0_g1_i1::g.30836::m.30836	MT112867.1	46.970	132	69	1	1	132	144	274	8.55e-40	128
FatWhiteEye_TRINITY_DN13803_c0_g1::TRINITY_DN13803_c0_g1_i1::g.30836::m.30836	MT112866.1	43.939	132	73	1	2	133	148	278	3.99e-38	124
FatWhiteEye_TRINITY_DN13803_c0_g1::TRINITY_DN13803_c0_g1_i1::g.30836::m.30836	MT112887.1	46.617	133	70	1	1	133	141	272	4.98e-38	124
FatWhiteEye_TRINITY_DN13803_c0_g1::TRINITY_DN13803_c0_g1_i1::g.30836::m.30836	MT112863.1	44.697	132	72	1	2	133	148	278	1.28e-36	120
FatWhiteEye_TRINITY_DN13803_c0_g1::TRINITY_DN13803_c0_g1_i1::g.30836::m.30836	MT112864.1	44.275	131	72	1	1	131	143	272	5.25e-35	115
FatWhiteEye_TRINITY_DN13803_c0_g1::TRINITY_DN13803_c0_g1_i1::g.30836::m.30836	MT112862.1	42.424	132	75	1	2	133	146	276	6.61e-35	115
FatWhiteEye_TRINITY_DN13803_c0_g1::TRINITY_DN13803_c0_g1_i1::g.30836::m.30836	MT112868.1	43.609	133	74	1	1	133	143	274	8.22e-33	110
FatWhiteEye_TRINITY_DN13803_c0_g1::TRINITY_DN13803_c0_g1_i1::g.30836::m.30836	MT112869.1	43.511	131	72	2	3	133	144	272	2.16e-32	108
FatWhiteEye_TRINITY_DN13803_c0_g1::TRINITY_DN13803_c0_g1_i1::g.30836::m.30836	MT112881.1	46.875	128	67	1	1	128	140	266	1.32e-31	107
FatWhiteEye_TRINITY_DN13803_c0_g1::TRINITY_DN13803_c0_g1_i1::g.30836::m.30836	MT112877.1	45.113	133	72	1	1	133	140	271	4.96e-31	105
FatWhiteEye_TRINITY_DN13803_c0_g1::TRINITY_DN13803_c0_g1_i1::g.30836::m.30836	MT112870.1	40.909	132	76	2	3	133	150	280	7.57e-31	105
FatWhiteEye_TRINITY_DN13803_c0_g1::TRINITY_DN13803_c0_g1_i1::g.30836::m.30836	MT112879.1	43.750	128	71	1	1	128	140	266	2.02e-30	103
FatWhiteEye_TRINITY_DN13803_c0_g1::TRINITY_DN13803_c0_g1_i1::g.30836::m.30836	MT112859.1	40.625	128	75	1	1	128	139	265	5.61e-30	102
FatWhiteEye_TRINITY_DN13803_c0_g1::TRINITY_DN13803_c0_g1_i1::g.30836::m.30836	MT112878.1	43.750	128	71	1	1	128	140	266	1.75e-29	101
FatWhiteEye_TRINITY_DN13803_c0_g1::TRINITY_DN13803_c0_g1_i1::g.30836::m.30836	MT112882.1	37.594	133	82	1	1	133	125	256	5.37e-29	99.8
FatWhiteEye_TRINITY_DN13803_c0_g1::TRINITY_DN13803_c0_g1_i1::g.30836::m.30836	MT112871.1	39.844	128	76	1	1	128	139	265	6.38e-29	99.8
FatWhiteEye_TRINITY_DN13803_c0_g1::TRINITY_DN13803_c0_g1_i1::g.30836::m.30836	MT112884.1	39.850	133	79	1	1	133	125	256	6.53e-29	99.8
FatWhiteEye_TRINITY_DN13803_c0_g1::TRINITY_DN13803_c0_g1_i1::g.30836::m.30836	MT112872.1	42.063	126	72	1	2	127	140	264	8.08e-29	99.4
FatWhiteEye_TRINITY_DN13803_c0_g1::TRINITY_DN13803_c0_g1_i1::g.30836::m.30836	MT112873.1	42.063	126	72	1	2	127	140	264	1.08e-28	99.4
FatWhiteEye_TRINITY_DN13803_c0_g1::TRINITY_DN13803_c0_g1_i1::g.30836::m.30836	DQ646871.1	42.063	126	72	1	2	127	140	264	1.12e-28	99.0
FatWhiteEye_TRINITY_DN13803_c0_g1::TRINITY_DN13803_c0_g1_i1::g.30836::m.30836	MG020521.1	39.850	133	79	1	1	133	134	265	1.13e-28	99.0
FatWhiteEye_TRINITY_DN13803_c0_g1::TRINITY_DN13803_c0_g1_i1::g.30836::m.30836	MT112883.1	39.850	133	79	1	1	133	134	265	1.13e-28	99.0
FatWhiteEye_TRINITY_DN13803_c0_g1::TRINITY_DN13803_c0_g1_i1::g.30836::m.30836	MT112865.1	42.188	128	73	1	1	128	139	265	3.23e-28	97.8
FatWhiteEye_TRINITY_DN13803_c0_g1::TRINITY_DN13803_c0_g1_i1::g.30836::m.30836	DQ646869.1	41.270	126	73	1	2	127	140	264	3.93e-28	97.8
FatWhiteEye_TRINITY_DN13803_c0_g1::TRINITY_DN13803_c0_g1_i1::g.30836::m.30836	MG020524.1	39.850	133	79	1	1	133	140	271	1.02e-27	96.7
FatWhiteEye_TRINITY_DN13803_c0_g1::TRINITY_DN13803_c0_g1_i1::g.30836::m.30836	MT112885.1	39.062	128	77	1	1	128	139	265	1.47e-27	95.9
FatWhiteEye_TRINITY_DN13803_c0_g1::TRINITY_DN13803_c0_g1_i1::g.30836::m.30836	MT112861.1	37.594	133	82	1	1	133	141	272	1.12e-26	93.6
FatWhiteEye_TRINITY_DN13803_c0_g1::TRINITY_DN13803_c0_g1_i1::g.30836::m.30836	OK432517.1	31.008	129	86	2	5	133	155	280	6.34e-24	86.3
FatWhiteEye_TRINITY_DN13803_c0_g1::TRINITY_DN13803_c0_g1_i1::g.30836::m.30836	MT112886.1	35.338	133	85	1	1	133	140	271	1.43e-23	85.1
FatWhiteEye_TRINITY_DN13803_c0_g1::TRINITY_DN13803_c0_g1_i1::g.30836::m.30836	DQ646870.1	38.168	131	79	2	1	130	134	263	1.01e-22	82.8
FatWhiteEye_TRINITY_DN24162_c0_g1::TRINITY_DN24162_c0_g1_i1::g.10911::m.10911	MT112864.1	63.415	123	42	2	2	123	251	371	2.36e-49	153
FatWhiteEye_TRINITY_DN24162_c0_g1::TRINITY_DN24162_c0_g1_i1::g.10911::m.10911	MT112868.1	58.537	123	49	2	2	122	251	373	2.49e-49	153
FatWhiteEye_TRINITY_DN24162_c0_g1::TRINITY_DN24162_c0_g1_i1::g.10911::m.10911	MG020522.1	58.140	129	53	1	2	129	252	380	3.50e-49	153
FatWhiteEye_TRINITY_DN24162_c0_g1::TRINITY_DN24162_c0_g1_i1::g.10911::m.10911	MT112862.1	58.140	129	53	1	2	129	253	381	3.08e-48	150
FatWhiteEye_TRINITY_DN24162_c0_g1::TRINITY_DN24162_c0_g1_i1::g.10911::m.10911	MT112867.1	57.364	129	54	1	2	129	252	380	3.70e-48	150
FatWhiteEye_TRINITY_DN24162_c0_g1::TRINITY_DN24162_c0_g1_i1::g.10911::m.10911	MT112863.1	57.480	127	53	1	2	127	255	381	4.24e-48	150
FatWhiteEye_TRINITY_DN24162_c0_g1::TRINITY_DN24162_c0_g1_i1::g.10911::m.10911	MT112887.1	60.163	123	47	2	2	122	249	371	1.34e-47	149
FatWhiteEye_TRINITY_DN24162_c0_g1::TRINITY_DN24162_c0_g1_i1::g.10911::m.10911	MT112866.1	55.039	129	57	1	2	129	255	383	1.04e-46	146
FatWhiteEye_TRINITY_DN24162_c0_g1::TRINITY_DN24162_c0_g1_i1::g.10911::m.10911	MT112869.1	46.970	132	66	1	2	129	250	381	2.09e-44	140
FatWhiteEye_TRINITY_DN24162_c0_g1::TRINITY_DN24162_c0_g1_i1::g.10911::m.10911	MT112870.1	50.769	130	58	2	2	127	256	383	1.46e-43	138
FatWhiteEye_TRINITY_DN24162_c0_g1::TRINITY_DN24162_c0_g1_i1::g.10911::m.10911	MT112885.1	48.780	123	62	1	2	124	247	368	6.95e-38	123
FatWhiteEye_TRINITY_DN24162_c0_g1::TRINITY_DN24162_c0_g1_i1::g.10911::m.10911	MT112859.1	46.457	127	67	1	2	128	247	372	2.46e-37	122
FatWhiteEye_TRINITY_DN24162_c0_g1::TRINITY_DN24162_c0_g1_i1::g.10911::m.10911	MT112871.1	47.287	129	66	2	2	129	247	374	4.82e-37	121
FatWhiteEye_TRINITY_DN24162_c0_g1::TRINITY_DN24162_c0_g1_i1::g.10911::m.10911	MG020521.1	50.862	116	54	3	1	114	241	355	6.32e-37	120
FatWhiteEye_TRINITY_DN24162_c0_g1::TRINITY_DN24162_c0_g1_i1::g.10911::m.10911	MT112883.1	50.862	116	54	3	1	114	241	355	6.32e-37	120
FatWhiteEye_TRINITY_DN24162_c0_g1::TRINITY_DN24162_c0_g1_i1::g.10911::m.10911	OK432517.1	43.651	126	66	1	2	122	257	382	4.38e-35	116
FatWhiteEye_TRINITY_DN24162_c0_g1::TRINITY_DN24162_c0_g1_i1::g.10911::m.10911	MT112877.1	50.877	114	54	2	2	114	248	360	8.82e-35	115
FatWhiteEye_TRINITY_DN24162_c0_g1::TRINITY_DN24162_c0_g1_i1::g.10911::m.10911	MT112882.1	43.511	131	70	4	1	129	232	360	1.49e-34	114
FatWhiteEye_TRINITY_DN24162_c0_g1::TRINITY_DN24162_c0_g1_i1::g.10911::m.10911	MT112884.1	46.565	131	65	4	1	129	232	359	3.21e-34	113
FatWhiteEye_TRINITY_DN24162_c0_g1::TRINITY_DN24162_c0_g1_i1::g.10911::m.10911	MT112881.1	48.673	113	57	1	2	114	248	359	3.35e-34	114
FatWhiteEye_TRINITY_DN24162_c0_g1::TRINITY_DN24162_c0_g1_i1::g.10911::m.10911	MT112865.1	48.739	119	60	1	2	120	247	364	6.06e-34	113
FatWhiteEye_TRINITY_DN24162_c0_g1::TRINITY_DN24162_c0_g1_i1::g.10911::m.10911	DQ646870.1	48.276	116	57	3	1	114	242	356	6.88e-34	112
FatWhiteEye_TRINITY_DN24162_c0_g1::TRINITY_DN24162_c0_g1_i1::g.10911::m.10911	DQ646869.1	50.877	114	54	2	2	114	247	359	7.67e-34	112
FatWhiteEye_TRINITY_DN24162_c0_g1::TRINITY_DN24162_c0_g1_i1::g.10911::m.10911	MT112873.1	50.877	114	54	2	2	114	247	359	8.25e-34	112
FatWhiteEye_TRINITY_DN24162_c0_g1::TRINITY_DN24162_c0_g1_i1::g.10911::m.10911	MG020524.1	47.899	119	61	1	2	120	248	365	8.46e-34	112
FatWhiteEye_TRINITY_DN24162_c0_g1::TRINITY_DN24162_c0_g1_i1::g.10911::m.10911	MT112878.1	46.903	113	59	1	2	114	248	359	2.39e-33	111
FatWhiteEye_TRINITY_DN24162_c0_g1::TRINITY_DN24162_c0_g1_i1::g.10911::m.10911	MT112879.1	50.476	105	51	1	2	106	248	351	3.53e-33	110
FatWhiteEye_TRINITY_DN24162_c0_g1::TRINITY_DN24162_c0_g1_i1::g.10911::m.10911	DQ646871.1	50.000	114	55	2	2	114	247	359	5.33e-33	110
FatWhiteEye_TRINITY_DN24162_c0_g1::TRINITY_DN24162_c0_g1_i1::g.10911::m.10911	MT112872.1	50.000	114	55	2	2	114	247	359	2.46e-32	108
FatWhiteEye_TRINITY_DN24162_c0_g1::TRINITY_DN24162_c0_g1_i1::g.10911::m.10911	MT112886.1	42.276	123	68	2	2	124	248	367	8.22e-29	99.4
FatWhiteEye_TRINITY_DN24162_c0_g1::TRINITY_DN24162_c0_g1_i1::g.10911::m.10911	MT112861.1	41.803	122	68	2	2	123	249	367	7.16e-28	97.1
FatWhiteEye_TRINITY_DN29115_c0_g1::TRINITY_DN29115_c0_g1_i1::g.4030::m.4030	MT112868.1	62.727	110	40	1	1	109	254	363	2.68e-50	155
FatWhiteEye_TRINITY_DN29115_c0_g1::TRINITY_DN29115_c0_g1_i1::g.4030::m.4030	MT112864.1	63.889	108	38	1	1	107	254	361	9.04e-49	150
FatWhiteEye_TRINITY_DN29115_c0_g1::TRINITY_DN29115_c0_g1_i1::g.4030::m.4030	MT112887.1	61.818	110	41	1	1	109	252	361	1.54e-48	150
FatWhiteEye_TRINITY_DN29115_c0_g1::TRINITY_DN29115_c0_g1_i1::g.4030::m.4030	MG020522.1	65.421	107	36	1	1	106	255	361	5.41e-48	149
FatWhiteEye_TRINITY_DN29115_c0_g1::TRINITY_DN29115_c0_g1_i1::g.4030::m.4030	MT112867.1	64.486	107	37	1	1	106	255	361	6.28e-47	146
FatWhiteEye_TRINITY_DN29115_c0_g1::TRINITY_DN29115_c0_g1_i1::g.4030::m.4030	MT112863.1	61.818	110	41	1	1	109	258	367	9.16e-47	145
FatWhiteEye_TRINITY_DN29115_c0_g1::TRINITY_DN29115_c0_g1_i1::g.4030::m.4030	MT112870.1	57.944	107	45	0	1	107	259	365	8.21e-46	143
FatWhiteEye_TRINITY_DN29115_c0_g1::TRINITY_DN29115_c0_g1_i1::g.4030::m.4030	MT112862.1	60.909	110	42	1	1	109	256	365	1.99e-45	142
FatWhiteEye_TRINITY_DN29115_c0_g1::TRINITY_DN29115_c0_g1_i1::g.4030::m.4030	MT112869.1	55.046	109	49	0	1	109	253	361	2.08e-45	142
FatWhiteEye_TRINITY_DN29115_c0_g1::TRINITY_DN29115_c0_g1_i1::g.4030::m.4030	MT112866.1	60.185	108	42	1	1	107	258	365	3.99e-45	141
FatWhiteEye_TRINITY_DN29115_c0_g1::TRINITY_DN29115_c0_g1_i1::g.4030::m.4030	OK432517.1	47.222	108	57	0	2	109	261	368	6.26e-36	117
FatWhiteEye_TRINITY_DN29115_c0_g1::TRINITY_DN29115_c0_g1_i1::g.4030::m.4030	MT112871.1	53.535	99	45	1	2	100	251	348	2.84e-34	113
FatWhiteEye_TRINITY_DN29115_c0_g1::TRINITY_DN29115_c0_g1_i1::g.4030::m.4030	MT112859.1	53.535	99	45	1	2	100	251	348	3.32e-34	112
FatWhiteEye_TRINITY_DN29115_c0_g1::TRINITY_DN29115_c0_g1_i1::g.4030::m.4030	MT112885.1	53.535	99	45	1	2	100	251	348	1.23e-33	111
FatWhiteEye_TRINITY_DN29115_c0_g1::TRINITY_DN29115_c0_g1_i1::g.4030::m.4030	MT112879.1	52.475	101	47	1	2	102	252	351	1.33e-33	111
FatWhiteEye_TRINITY_DN29115_c0_g1::TRINITY_DN29115_c0_g1_i1::g.4030::m.4030	MT112881.1	51.961	102	48	1	1	102	251	351	1.35e-33	111
FatWhiteEye_TRINITY_DN29115_c0_g1::TRINITY_DN29115_c0_g1_i1::g.4030::m.4030	MT112877.1	50.459	109	52	2	2	109	252	359	1.98e-33	110
FatWhiteEye_TRINITY_DN29115_c0_g1::TRINITY_DN29115_c0_g1_i1::g.4030::m.4030	MG020524.1	52.525	99	46	1	2	100	252	349	2.57e-33	110
FatWhiteEye_TRINITY_DN29115_c0_g1::TRINITY_DN29115_c0_g1_i1::g.4030::m.4030	MT112865.1	53.465	101	46	1	2	102	251	350	2.70e-33	110
FatWhiteEye_TRINITY_DN29115_c0_g1::TRINITY_DN29115_c0_g1_i1::g.4030::m.4030	MT112873.1	52.525	99	46	1	2	100	251	348	6.74e-33	109
FatWhiteEye_TRINITY_DN29115_c0_g1::TRINITY_DN29115_c0_g1_i1::g.4030::m.4030	DQ646869.1	52.525	99	46	1	2	100	251	348	1.26e-32	108
FatWhiteEye_TRINITY_DN29115_c0_g1::TRINITY_DN29115_c0_g1_i1::g.4030::m.4030	MG020521.1	50.485	103	49	2	1	102	245	346	1.34e-32	108
FatWhiteEye_TRINITY_DN29115_c0_g1::TRINITY_DN29115_c0_g1_i1::g.4030::m.4030	MT112883.1	50.485	103	49	2	1	102	245	346	1.34e-32	108
FatWhiteEye_TRINITY_DN29115_c0_g1::TRINITY_DN29115_c0_g1_i1::g.4030::m.4030	MT112878.1	50.495	101	49	1	2	102	252	351	1.56e-32	108
FatWhiteEye_TRINITY_DN29115_c0_g1::TRINITY_DN29115_c0_g1_i1::g.4030::m.4030	DQ646871.1	51.515	99	47	1	2	100	251	348	5.29e-32	107
FatWhiteEye_TRINITY_DN29115_c0_g1::TRINITY_DN29115_c0_g1_i1::g.4030::m.4030	MT112872.1	51.515	99	47	1	2	100	251	348	2.78e-31	105
FatWhiteEye_TRINITY_DN29115_c0_g1::TRINITY_DN29115_c0_g1_i1::g.4030::m.4030	MT112882.1	47.059	102	52	2	2	102	237	337	3.63e-31	104
FatWhiteEye_TRINITY_DN29115_c0_g1::TRINITY_DN29115_c0_g1_i1::g.4030::m.4030	MT112884.1	50.000	102	49	2	2	102	237	337	1.38e-30	103
FatWhiteEye_TRINITY_DN29115_c0_g1::TRINITY_DN29115_c0_g1_i1::g.4030::m.4030	DQ646870.1	47.573	103	52	2	1	102	246	347	5.29e-30	101
FatWhiteEye_TRINITY_DN29115_c0_g1::TRINITY_DN29115_c0_g1_i1::g.4030::m.4030	MT112861.1	48.485	99	50	1	2	100	253	350	1.70e-27	95.1
FatWhiteEye_TRINITY_DN29115_c0_g1::TRINITY_DN29115_c0_g1_i1::g.4030::m.4030	MT112886.1	45.545	101	54	1	2	102	252	351	4.12e-27	94.0
FatWhiteEye_TRINITY_DN30792_c0_g1::TRINITY_DN30792_c0_g1_i1::g.4609::m.4609	MT112887.1	45.625	160	87	0	32	191	16	175	9.55e-52	162
FatWhiteEye_TRINITY_DN30792_c0_g1::TRINITY_DN30792_c0_g1_i1::g.4609::m.4609	MT112867.1	45.062	162	87	1	30	191	19	178	1.28e-48	154
FatWhiteEye_TRINITY_DN30792_c0_g1::TRINITY_DN30792_c0_g1_i1::g.4609::m.4609	MG020522.1	45.062	162	87	1	30	191	19	178	1.32e-48	154
FatWhiteEye_TRINITY_DN30792_c0_g1::TRINITY_DN30792_c0_g1_i1::g.4609::m.4609	MT112866.1	40.606	165	97	1	27	191	18	181	3.59e-46	147
FatWhiteEye_TRINITY_DN30792_c0_g1::TRINITY_DN30792_c0_g1_i1::g.4609::m.4609	MT112863.1	41.358	162	94	1	27	188	18	178	2.86e-45	145
FatWhiteEye_TRINITY_DN30792_c0_g1::TRINITY_DN30792_c0_g1_i1::g.4609::m.4609	MT112862.1	41.401	157	91	1	27	183	16	171	4.78e-45	144
FatWhiteEye_TRINITY_DN30792_c0_g1::TRINITY_DN30792_c0_g1_i1::g.4609::m.4609	MT112864.1	41.765	170	97	1	19	188	7	174	1.19e-44	143
FatWhiteEye_TRINITY_DN30792_c0_g1::TRINITY_DN30792_c0_g1_i1::g.4609::m.4609	MT112869.1	44.218	147	82	0	37	183	22	168	1.73e-43	140
FatWhiteEye_TRINITY_DN30792_c0_g1::TRINITY_DN30792_c0_g1_i1::g.4609::m.4609	MT112868.1	44.218	147	82	0	37	183	23	169	1.21e-42	138
FatWhiteEye_TRINITY_DN30792_c0_g1::TRINITY_DN30792_c0_g1_i1::g.4609::m.4609	MT112870.1	39.073	151	92	0	34	184	25	175	9.20e-40	130
FatWhiteEye_TRINITY_DN30792_c0_g1::TRINITY_DN30792_c0_g1_i1::g.4609::m.4609	MT112885.1	45.255	137	74	1	43	179	26	161	1.02e-39	130
FatWhiteEye_TRINITY_DN30792_c0_g1::TRINITY_DN30792_c0_g1_i1::g.4609::m.4609	MT112871.1	41.379	145	80	2	43	185	26	167	2.47e-38	127
FatWhiteEye_TRINITY_DN30792_c0_g1::TRINITY_DN30792_c0_g1_i1::g.4609::m.4609	MT112861.1	44.928	138	75	1	43	180	28	164	1.29e-36	122
FatWhiteEye_TRINITY_DN30792_c0_g1::TRINITY_DN30792_c0_g1_i1::g.4609::m.4609	MT112859.1	42.336	137	78	1	43	179	26	161	1.40e-36	122
FatWhiteEye_TRINITY_DN30792_c0_g1::TRINITY_DN30792_c0_g1_i1::g.4609::m.4609	MG020524.1	43.836	146	75	2	43	185	27	168	5.87e-36	120
FatWhiteEye_TRINITY_DN30792_c0_g1::TRINITY_DN30792_c0_g1_i1::g.4609::m.4609	MT112877.1	43.151	146	76	2	43	185	27	168	6.90e-36	120
FatWhiteEye_TRINITY_DN30792_c0_g1::TRINITY_DN30792_c0_g1_i1::g.4609::m.4609	MT112865.1	39.080	174	95	4	18	188	5	170	7.78e-36	120
FatWhiteEye_TRINITY_DN30792_c0_g1::TRINITY_DN30792_c0_g1_i1::g.4609::m.4609	MT112882.1	39.860	143	85	1	43	185	12	153	1.08e-35	119
FatWhiteEye_TRINITY_DN30792_c0_g1::TRINITY_DN30792_c0_g1_i1::g.4609::m.4609	MT112881.1	42.657	143	81	1	43	185	27	168	1.20e-35	120
FatWhiteEye_TRINITY_DN30792_c0_g1::TRINITY_DN30792_c0_g1_i1::g.4609::m.4609	MT112886.1	41.096	146	79	2	43	185	27	168	1.91e-35	119
FatWhiteEye_TRINITY_DN30792_c0_g1::TRINITY_DN30792_c0_g1_i1::g.4609::m.4609	MT112879.1	41.096	146	79	2	43	185	27	168	3.81e-35	118
FatWhiteEye_TRINITY_DN30792_c0_g1::TRINITY_DN30792_c0_g1_i1::g.4609::m.4609	MT112878.1	41.781	146	78	2	43	185	27	168	3.40e-34	116
FatWhiteEye_TRINITY_DN30792_c0_g1::TRINITY_DN30792_c0_g1_i1::g.4609::m.4609	MT112873.1	40.000	140	77	2	43	179	26	161	1.66e-33	114
FatWhiteEye_TRINITY_DN30792_c0_g1::TRINITY_DN30792_c0_g1_i1::g.4609::m.4609	DQ646869.1	37.671	146	84	2	43	185	26	167	2.02e-33	114
FatWhiteEye_TRINITY_DN30792_c0_g1::TRINITY_DN30792_c0_g1_i1::g.4609::m.4609	MT112872.1	37.671	146	84	2	43	185	26	167	2.44e-33	114
FatWhiteEye_TRINITY_DN30792_c0_g1::TRINITY_DN30792_c0_g1_i1::g.4609::m.4609	DQ646871.1	38.571	140	79	2	43	179	26	161	2.43e-32	111
FatWhiteEye_TRINITY_DN30792_c0_g1::TRINITY_DN30792_c0_g1_i1::g.4609::m.4609	MG020521.1	37.086	151	90	2	43	191	21	168	2.13e-30	105
FatWhiteEye_TRINITY_DN30792_c0_g1::TRINITY_DN30792_c0_g1_i1::g.4609::m.4609	MT112883.1	37.086	151	90	2	43	191	21	168	2.13e-30	105
FatWhiteEye_TRINITY_DN30792_c0_g1::TRINITY_DN30792_c0_g1_i1::g.4609::m.4609	MT112884.1	36.111	144	87	2	43	184	12	152	3.00e-30	105
FatWhiteEye_TRINITY_DN30792_c0_g1::TRINITY_DN30792_c0_g1_i1::g.4609::m.4609	DQ646870.1	38.129	139	81	2	43	179	21	156	6.72e-28	99.4
FatWhiteEye_TRINITY_DN30792_c0_g1::TRINITY_DN30792_c0_g1_i1::g.4609::m.4609	OK432517.1	36.111	144	89	3	48	191	44	184	6.20e-26	94.0
FatWhiteEye_TRINITY_DN31745_c0_g1::TRINITY_DN31745_c0_g1_i1::g.32636::m.32636	MG020522.1	58.333	108	45	0	1	108	271	378	5.14e-44	138
FatWhiteEye_TRINITY_DN31745_c0_g1::TRINITY_DN31745_c0_g1_i1::g.32636::m.32636	MT112867.1	61.386	101	39	0	8	108	278	378	9.81e-44	138
FatWhiteEye_TRINITY_DN31745_c0_g1::TRINITY_DN31745_c0_g1_i1::g.32636::m.32636	MT112868.1	60.000	95	38	0	1	95	270	364	1.97e-42	134
FatWhiteEye_TRINITY_DN31745_c0_g1::TRINITY_DN31745_c0_g1_i1::g.32636::m.32636	MT112863.1	56.481	108	47	0	1	108	274	381	2.71e-40	129
FatWhiteEye_TRINITY_DN31745_c0_g1::TRINITY_DN31745_c0_g1_i1::g.32636::m.32636	MT112862.1	56.604	106	46	0	1	106	272	377	5.25e-40	128
FatWhiteEye_TRINITY_DN31745_c0_g1::TRINITY_DN31745_c0_g1_i1::g.32636::m.32636	MT112887.1	54.630	108	47	1	1	108	268	373	5.39e-40	128
FatWhiteEye_TRINITY_DN31745_c0_g1::TRINITY_DN31745_c0_g1_i1::g.32636::m.32636	MT112864.1	54.206	107	47	1	1	107	270	374	5.66e-40	128
FatWhiteEye_TRINITY_DN31745_c0_g1::TRINITY_DN31745_c0_g1_i1::g.32636::m.32636	MT112866.1	54.206	107	49	0	1	107	274	380	9.12e-38	122
FatWhiteEye_TRINITY_DN31745_c0_g1::TRINITY_DN31745_c0_g1_i1::g.32636::m.32636	MT112869.1	53.535	99	45	1	9	106	276	374	2.84e-37	121
FatWhiteEye_TRINITY_DN31745_c0_g1::TRINITY_DN31745_c0_g1_i1::g.32636::m.32636	MT112870.1	62.651	83	31	0	9	91	282	364	8.31e-37	119
FatWhiteEye_TRINITY_DN31745_c0_g1::TRINITY_DN31745_c0_g1_i1::g.32636::m.32636	MT112885.1	47.273	110	56	2	1	109	265	373	3.15e-29	99.8
FatWhiteEye_TRINITY_DN31745_c0_g1::TRINITY_DN31745_c0_g1_i1::g.32636::m.32636	OK432517.1	39.623	106	64	0	3	108	277	382	1.18e-28	98.2
FatWhiteEye_TRINITY_DN31745_c0_g1::TRINITY_DN31745_c0_g1_i1::g.32636::m.32636	MT112871.1	48.571	105	50	3	1	104	265	366	1.67e-28	97.8
FatWhiteEye_TRINITY_DN31745_c0_g1::TRINITY_DN31745_c0_g1_i1::g.32636::m.32636	MT112859.1	44.954	109	57	2	1	109	265	370	2.37e-28	97.4
FatWhiteEye_TRINITY_DN31745_c0_g1::TRINITY_DN31745_c0_g1_i1::g.32636::m.32636	MT112882.1	42.593	108	60	2	1	107	252	358	5.44e-28	96.3
FatWhiteEye_TRINITY_DN31745_c0_g1::TRINITY_DN31745_c0_g1_i1::g.32636::m.32636	MT112873.1	52.632	95	43	2	2	95	266	359	6.92e-27	93.2
FatWhiteEye_TRINITY_DN31745_c0_g1::TRINITY_DN31745_c0_g1_i1::g.32636::m.32636	MG020524.1	51.724	87	41	1	1	87	266	351	1.50e-26	92.4
FatWhiteEye_TRINITY_DN31745_c0_g1::TRINITY_DN31745_c0_g1_i1::g.32636::m.32636	DQ646869.1	51.579	95	44	2	2	95	266	359	2.17e-26	92.0
FatWhiteEye_TRINITY_DN31745_c0_g1::TRINITY_DN31745_c0_g1_i1::g.32636::m.32636	MG020521.1	47.126	87	45	1	1	87	261	346	5.32e-26	90.9
FatWhiteEye_TRINITY_DN31745_c0_g1::TRINITY_DN31745_c0_g1_i1::g.32636::m.32636	MT112883.1	47.126	87	45	1	1	87	261	346	5.32e-26	90.9
FatWhiteEye_TRINITY_DN31745_c0_g1::TRINITY_DN31745_c0_g1_i1::g.32636::m.32636	DQ646871.1	51.579	95	44	2	2	95	266	359	5.78e-26	90.9
FatWhiteEye_TRINITY_DN31745_c0_g1::TRINITY_DN31745_c0_g1_i1::g.32636::m.32636	MT112865.1	51.724	87	41	1	1	87	265	350	1.02e-25	90.1
FatWhiteEye_TRINITY_DN31745_c0_g1::TRINITY_DN31745_c0_g1_i1::g.32636::m.32636	MT112872.1	50.526	95	45	2	2	95	266	359	5.37e-25	88.2
FatWhiteEye_TRINITY_DN31745_c0_g1::TRINITY_DN31745_c0_g1_i1::g.32636::m.32636	MT112884.1	43.119	109	59	3	1	107	252	359	6.65e-25	87.8
FatWhiteEye_TRINITY_DN31745_c0_g1::TRINITY_DN31745_c0_g1_i1::g.32636::m.32636	MT112881.1	48.276	87	44	1	1	87	266	351	2.67e-24	86.3
FatWhiteEye_TRINITY_DN31745_c0_g1::TRINITY_DN31745_c0_g1_i1::g.32636::m.32636	MT112879.1	47.126	87	45	1	1	87	266	351	2.99e-24	86.3
FatWhiteEye_TRINITY_DN31745_c0_g1::TRINITY_DN31745_c0_g1_i1::g.32636::m.32636	MT112878.1	47.126	87	45	1	1	87	266	351	3.84e-24	85.9
FatWhiteEye_TRINITY_DN31745_c0_g1::TRINITY_DN31745_c0_g1_i1::g.32636::m.32636	MT112877.1	41.071	112	62	3	1	109	266	376	6.65e-24	85.1
FatWhiteEye_TRINITY_DN31745_c0_g1::TRINITY_DN31745_c0_g1_i1::g.32636::m.32636	DQ646870.1	45.783	83	44	1	5	87	266	347	1.96e-23	84.0
FatWhiteEye_TRINITY_DN31745_c0_g1::TRINITY_DN31745_c0_g1_i1::g.32636::m.32636	MT112886.1	41.818	110	62	2	1	109	266	374	1.25e-22	81.6
FatWhiteEye_TRINITY_DN31745_c0_g1::TRINITY_DN31745_c0_g1_i1::g.32636::m.32636	MT112861.1	42.718	103	57	2	2	103	268	369	7.98e-22	79.3
FatWhiteEye_TRINITY_DN31745_c0_g1::TRINITY_DN31745_c0_g1_i2::g.32637::m.32637	MG020522.1	57.407	108	46	0	1	108	271	378	4.52e-43	136
FatWhiteEye_TRINITY_DN31745_c0_g1::TRINITY_DN31745_c0_g1_i2::g.32637::m.32637	MT112867.1	60.396	101	40	0	8	108	278	378	6.83e-43	135
FatWhiteEye_TRINITY_DN31745_c0_g1::TRINITY_DN31745_c0_g1_i2::g.32637::m.32637	MT112868.1	56.881	109	45	1	1	109	270	376	7.52e-43	135
FatWhiteEye_TRINITY_DN31745_c0_g1::TRINITY_DN31745_c0_g1_i2::g.32637::m.32637	MT112887.1	55.556	108	46	1	1	108	268	373	1.19e-40	129
FatWhiteEye_TRINITY_DN31745_c0_g1::TRINITY_DN31745_c0_g1_i2::g.32637::m.32637	MT112864.1	55.140	107	46	1	1	107	270	374	5.25e-40	128
FatWhiteEye_TRINITY_DN31745_c0_g1::TRINITY_DN31745_c0_g1_i2::g.32637::m.32637	MT112863.1	55.556	108	48	0	1	108	274	381	9.79e-40	127
FatWhiteEye_TRINITY_DN31745_c0_g1::TRINITY_DN31745_c0_g1_i2::g.32637::m.32637	MT112862.1	55.660	106	47	0	1	106	272	377	3.50e-39	126
FatWhiteEye_TRINITY_DN31745_c0_g1::TRINITY_DN31745_c0_g1_i2::g.32637::m.32637	MT112866.1	51.327	113	51	1	1	109	274	386	2.63e-37	121
FatWhiteEye_TRINITY_DN31745_c0_g1::TRINITY_DN31745_c0_g1_i2::g.32637::m.32637	MT112869.1	52.525	99	46	1	9	106	276	374	8.91e-37	119
FatWhiteEye_TRINITY_DN31745_c0_g1::TRINITY_DN31745_c0_g1_i2::g.32637::m.32637	MT112870.1	61.446	83	32	0	9	91	282	364	3.24e-36	118
FatWhiteEye_TRINITY_DN31745_c0_g1::TRINITY_DN31745_c0_g1_i2::g.32637::m.32637	OK432517.1	40.566	106	63	0	3	108	277	382	7.12e-29	98.6
FatWhiteEye_TRINITY_DN31745_c0_g1::TRINITY_DN31745_c0_g1_i2::g.32637::m.32637	MT112885.1	46.364	110	57	2	1	109	265	373	1.33e-28	97.8
FatWhiteEye_TRINITY_DN31745_c0_g1::TRINITY_DN31745_c0_g1_i2::g.32637::m.32637	MT112882.1	42.593	108	60	2	1	107	252	358	2.06e-27	94.7
FatWhiteEye_TRINITY_DN31745_c0_g1::TRINITY_DN31745_c0_g1_i2::g.32637::m.32637	MT112871.1	42.202	109	60	2	1	109	265	370	2.24e-27	94.7
FatWhiteEye_TRINITY_DN31745_c0_g1::TRINITY_DN31745_c0_g1_i2::g.32637::m.32637	MT112859.1	43.119	109	59	2	1	109	265	370	3.18e-27	94.4
FatWhiteEye_TRINITY_DN31745_c0_g1::TRINITY_DN31745_c0_g1_i2::g.32637::m.32637	MT112873.1	51.579	95	44	2	2	95	266	359	1.39e-26	92.4
FatWhiteEye_TRINITY_DN31745_c0_g1::TRINITY_DN31745_c0_g1_i2::g.32637::m.32637	DQ646869.1	51.579	95	44	2	2	95	266	359	2.48e-26	91.7
FatWhiteEye_TRINITY_DN31745_c0_g1::TRINITY_DN31745_c0_g1_i2::g.32637::m.32637	MG020524.1	50.575	87	42	1	1	87	266	351	4.61e-26	91.3
FatWhiteEye_TRINITY_DN31745_c0_g1::TRINITY_DN31745_c0_g1_i2::g.32637::m.32637	DQ646871.1	50.526	95	45	2	2	95	266	359	1.04e-25	90.1
FatWhiteEye_TRINITY_DN31745_c0_g1::TRINITY_DN31745_c0_g1_i2::g.32637::m.32637	MG020521.1	47.126	87	45	1	1	87	261	346	1.46e-25	89.7
FatWhiteEye_TRINITY_DN31745_c0_g1::TRINITY_DN31745_c0_g1_i2::g.32637::m.32637	MT112883.1	47.126	87	45	1	1	87	261	346	1.46e-25	89.7
FatWhiteEye_TRINITY_DN31745_c0_g1::TRINITY_DN31745_c0_g1_i2::g.32637::m.32637	MT112865.1	51.724	87	41	1	1	87	265	350	1.60e-25	89.7
FatWhiteEye_TRINITY_DN31745_c0_g1::TRINITY_DN31745_c0_g1_i2::g.32637::m.32637	MT112872.1	50.526	95	45	2	2	95	266	359	5.76e-25	88.2
FatWhiteEye_TRINITY_DN31745_c0_g1::TRINITY_DN31745_c0_g1_i2::g.32637::m.32637	MT112884.1	43.519	108	58	3	1	106	252	358	1.86e-24	86.7
FatWhiteEye_TRINITY_DN31745_c0_g1::TRINITY_DN31745_c0_g1_i2::g.32637::m.32637	MT112881.1	45.263	95	51	1	1	95	266	359	3.27e-24	85.9
FatWhiteEye_TRINITY_DN31745_c0_g1::TRINITY_DN31745_c0_g1_i2::g.32637::m.32637	MT112879.1	47.126	87	45	1	1	87	266	351	3.93e-24	85.9
FatWhiteEye_TRINITY_DN31745_c0_g1::TRINITY_DN31745_c0_g1_i2::g.32637::m.32637	MT112878.1	47.126	87	45	1	1	87	266	351	6.30e-24	85.1
FatWhiteEye_TRINITY_DN31745_c0_g1::TRINITY_DN31745_c0_g1_i2::g.32637::m.32637	MT112877.1	47.126	87	45	1	1	87	266	351	1.06e-23	84.7
FatWhiteEye_TRINITY_DN31745_c0_g1::TRINITY_DN31745_c0_g1_i2::g.32637::m.32637	DQ646870.1	45.783	83	44	1	5	87	266	347	2.71e-23	83.6
FatWhiteEye_TRINITY_DN31745_c0_g1::TRINITY_DN31745_c0_g1_i2::g.32637::m.32637	MT112886.1	41.818	110	62	2	1	109	266	374	1.75e-22	81.3
FatWhiteEye_TRINITY_DN31745_c0_g1::TRINITY_DN31745_c0_g1_i2::g.32637::m.32637	MT112861.1	42.718	103	57	2	2	103	268	369	1.19e-21	79.0
FatWhiteEye_TRINITY_DN32309_c0_g1::TRINITY_DN32309_c0_g1_i1::g.8384::m.8384	MT112863.1	47.778	270	138	3	51	319	15	282	2.36e-86	256
FatWhiteEye_TRINITY_DN32309_c0_g1::TRINITY_DN32309_c0_g1_i1::g.8384::m.8384	MG020522.1	46.538	260	136	2	57	316	19	275	2.88e-84	251
FatWhiteEye_TRINITY_DN32309_c0_g1::TRINITY_DN32309_c0_g1_i1::g.8384::m.8384	MT112866.1	45.556	270	144	3	51	319	15	282	4.10e-84	250
FatWhiteEye_TRINITY_DN32309_c0_g1::TRINITY_DN32309_c0_g1_i1::g.8384::m.8384	MT112862.1	45.926	270	143	3	51	319	13	280	6.71e-84	250
FatWhiteEye_TRINITY_DN32309_c0_g1::TRINITY_DN32309_c0_g1_i1::g.8384::m.8384	MT112867.1	47.451	255	131	2	57	311	19	270	1.14e-83	249
FatWhiteEye_TRINITY_DN32309_c0_g1::TRINITY_DN32309_c0_g1_i1::g.8384::m.8384	MT112887.1	45.977	261	139	2	59	318	16	275	1.71e-82	246
FatWhiteEye_TRINITY_DN32309_c0_g1::TRINITY_DN32309_c0_g1_i1::g.8384::m.8384	MT112864.1	44.526	274	148	3	46	318	7	277	1.53e-76	231
FatWhiteEye_TRINITY_DN32309_c0_g1::TRINITY_DN32309_c0_g1_i1::g.8384::m.8384	MT112868.1	44.074	270	147	3	50	318	11	277	2.46e-74	225
FatWhiteEye_TRINITY_DN32309_c0_g1::TRINITY_DN32309_c0_g1_i1::g.8384::m.8384	MT112869.1	41.111	270	154	2	50	319	12	276	3.34e-74	225
FatWhiteEye_TRINITY_DN32309_c0_g1::TRINITY_DN32309_c0_g1_i1::g.8384::m.8384	MT112870.1	40.149	269	160	1	51	319	15	282	8.20e-72	219
FatWhiteEye_TRINITY_DN32309_c0_g1::TRINITY_DN32309_c0_g1_i1::g.8384::m.8384	MT112885.1	42.800	250	141	2	70	319	26	273	4.39e-68	209
FatWhiteEye_TRINITY_DN32309_c0_g1::TRINITY_DN32309_c0_g1_i1::g.8384::m.8384	MT112871.1	42.063	252	140	3	70	319	26	273	1.01e-67	208
FatWhiteEye_TRINITY_DN32309_c0_g1::TRINITY_DN32309_c0_g1_i1::g.8384::m.8384	MT112859.1	42.800	250	141	2	70	319	26	273	2.32e-67	207
FatWhiteEye_TRINITY_DN32309_c0_g1::TRINITY_DN32309_c0_g1_i1::g.8384::m.8384	MT112873.1	42.857	252	138	3	70	319	26	273	6.55e-65	201
FatWhiteEye_TRINITY_DN32309_c0_g1::TRINITY_DN32309_c0_g1_i1::g.8384::m.8384	MT112872.1	42.460	252	139	3	70	319	26	273	1.01e-64	200
FatWhiteEye_TRINITY_DN32309_c0_g1::TRINITY_DN32309_c0_g1_i1::g.8384::m.8384	DQ646869.1	42.063	252	140	3	70	319	26	273	4.27e-64	199
FatWhiteEye_TRINITY_DN32309_c0_g1::TRINITY_DN32309_c0_g1_i1::g.8384::m.8384	DQ646871.1	42.063	252	140	3	70	319	26	273	1.61e-63	197
FatWhiteEye_TRINITY_DN32309_c0_g1::TRINITY_DN32309_c0_g1_i1::g.8384::m.8384	MT112881.1	43.373	249	139	2	70	318	27	273	4.39e-63	196
FatWhiteEye_TRINITY_DN32309_c0_g1::TRINITY_DN32309_c0_g1_i1::g.8384::m.8384	MT112865.1	38.628	277	158	5	45	318	5	272	5.30e-61	191
FatWhiteEye_TRINITY_DN32309_c0_g1::TRINITY_DN32309_c0_g1_i1::g.8384::m.8384	MT112861.1	38.800	250	151	2	70	319	28	275	5.78e-61	191
FatWhiteEye_TRINITY_DN32309_c0_g1::TRINITY_DN32309_c0_g1_i1::g.8384::m.8384	MT112879.1	39.405	269	156	4	53	318	9	273	1.26e-60	190
FatWhiteEye_TRINITY_DN32309_c0_g1::TRINITY_DN32309_c0_g1_i1::g.8384::m.8384	MT112877.1	42.629	251	138	3	70	318	27	273	1.84e-60	189
FatWhiteEye_TRINITY_DN32309_c0_g1::TRINITY_DN32309_c0_g1_i1::g.8384::m.8384	MT112882.1	40.000	250	147	3	70	318	12	259	8.85e-60	187
FatWhiteEye_TRINITY_DN32309_c0_g1::TRINITY_DN32309_c0_g1_i1::g.8384::m.8384	MT112886.1	38.340	253	148	3	70	319	27	274	1.72e-59	187
FatWhiteEye_TRINITY_DN32309_c0_g1::TRINITY_DN32309_c0_g1_i1::g.8384::m.8384	MG020524.1	40.161	249	147	2	70	318	27	273	4.69e-59	186
FatWhiteEye_TRINITY_DN32309_c0_g1::TRINITY_DN32309_c0_g1_i1::g.8384::m.8384	MT112878.1	41.833	251	140	3	70	318	27	273	1.26e-58	184
FatWhiteEye_TRINITY_DN32309_c0_g1::TRINITY_DN32309_c0_g1_i1::g.8384::m.8384	MT112884.1	41.200	250	144	3	70	318	12	259	6.36e-57	180
FatWhiteEye_TRINITY_DN32309_c0_g1::TRINITY_DN32309_c0_g1_i1::g.8384::m.8384	MG020521.1	36.749	283	161	5	40	319	2	269	9.06e-57	179
FatWhiteEye_TRINITY_DN32309_c0_g1::TRINITY_DN32309_c0_g1_i1::g.8384::m.8384	MT112883.1	36.749	283	161	5	40	319	2	269	9.06e-57	179
FatWhiteEye_TRINITY_DN32309_c0_g1::TRINITY_DN32309_c0_g1_i1::g.8384::m.8384	OK432517.1	33.955	268	169	5	53	317	19	281	6.04e-50	162
FatWhiteEye_TRINITY_DN32309_c0_g1::TRINITY_DN32309_c0_g1_i1::g.8384::m.8384	DQ646870.1	35.336	283	166	4	40	319	2	270	1.29e-49	161
FatWhiteEye_TRINITY_DN34402_c0_g1::TRINITY_DN34402_c0_g1_i1::g.116::m.116	MT112887.1	58.599	157	63	2	5	159	215	371	5.24e-63	190
FatWhiteEye_TRINITY_DN34402_c0_g1::TRINITY_DN34402_c0_g1_i1::g.116::m.116	MG020522.1	55.152	165	73	1	2	165	215	379	2.02e-62	189
FatWhiteEye_TRINITY_DN34402_c0_g1::TRINITY_DN34402_c0_g1_i1::g.116::m.116	MT112863.1	55.422	166	73	1	1	165	217	382	5.75e-62	187
FatWhiteEye_TRINITY_DN34402_c0_g1::TRINITY_DN34402_c0_g1_i1::g.116::m.116	MT112864.1	57.862	159	64	2	8	165	220	376	7.45e-62	187
FatWhiteEye_TRINITY_DN34402_c0_g1::TRINITY_DN34402_c0_g1_i1::g.116::m.116	MT112868.1	56.209	153	66	1	8	159	220	372	1.04e-61	187
FatWhiteEye_TRINITY_DN34402_c0_g1::TRINITY_DN34402_c0_g1_i1::g.116::m.116	MT112867.1	54.545	165	74	1	2	165	215	379	4.49e-61	185
FatWhiteEye_TRINITY_DN34402_c0_g1::TRINITY_DN34402_c0_g1_i1::g.116::m.116	MT112862.1	55.488	164	69	2	2	161	216	379	9.90e-61	184
FatWhiteEye_TRINITY_DN34402_c0_g1::TRINITY_DN34402_c0_g1_i1::g.116::m.116	MT112869.1	50.909	165	77	1	5	165	216	380	2.23e-60	183
FatWhiteEye_TRINITY_DN34402_c0_g1::TRINITY_DN34402_c0_g1_i1::g.116::m.116	MT112866.1	54.819	166	74	1	1	165	217	382	4.39e-60	182
FatWhiteEye_TRINITY_DN34402_c0_g1::TRINITY_DN34402_c0_g1_i1::g.116::m.116	MT112870.1	54.861	144	65	0	5	148	222	365	2.13e-57	176
FatWhiteEye_TRINITY_DN34402_c0_g1::TRINITY_DN34402_c0_g1_i1::g.116::m.116	MT112885.1	46.497	157	79	2	9	165	221	372	3.75e-44	141
FatWhiteEye_TRINITY_DN34402_c0_g1::TRINITY_DN34402_c0_g1_i1::g.116::m.116	MT112871.1	47.170	159	80	3	4	161	212	367	5.58e-44	140
FatWhiteEye_TRINITY_DN34402_c0_g1::TRINITY_DN34402_c0_g1_i1::g.116::m.116	MT112859.1	45.963	161	85	2	1	161	209	367	8.00e-44	140
FatWhiteEye_TRINITY_DN34402_c0_g1::TRINITY_DN34402_c0_g1_i1::g.116::m.116	MG020524.1	48.000	150	73	2	9	158	222	366	1.74e-42	137
FatWhiteEye_TRINITY_DN34402_c0_g1::TRINITY_DN34402_c0_g1_i1::g.116::m.116	MT112865.1	48.322	149	72	2	9	157	221	364	2.09e-42	137
FatWhiteEye_TRINITY_DN34402_c0_g1::TRINITY_DN34402_c0_g1_i1::g.116::m.116	MT112881.1	48.252	143	69	2	9	151	222	359	3.80e-42	136
FatWhiteEye_TRINITY_DN34402_c0_g1::TRINITY_DN34402_c0_g1_i1::g.116::m.116	MT112882.1	43.478	161	87	4	6	164	200	358	9.04e-42	134
FatWhiteEye_TRINITY_DN34402_c0_g1::TRINITY_DN34402_c0_g1_i1::g.116::m.116	MT112873.1	50.345	145	70	2	8	151	216	359	1.46e-41	134
FatWhiteEye_TRINITY_DN34402_c0_g1::TRINITY_DN34402_c0_g1_i1::g.116::m.116	DQ646869.1	52.593	135	62	2	18	151	226	359	2.81e-41	134
FatWhiteEye_TRINITY_DN34402_c0_g1::TRINITY_DN34402_c0_g1_i1::g.116::m.116	MT112884.1	48.148	162	78	5	7	165	201	359	5.98e-41	132
FatWhiteEye_TRINITY_DN34402_c0_g1::TRINITY_DN34402_c0_g1_i1::g.116::m.116	DQ646871.1	49.655	145	71	2	8	151	216	359	9.48e-41	132
FatWhiteEye_TRINITY_DN34402_c0_g1::TRINITY_DN34402_c0_g1_i1::g.116::m.116	MT112879.1	46.809	141	74	1	3	143	212	351	2.48e-40	131
FatWhiteEye_TRINITY_DN34402_c0_g1::TRINITY_DN34402_c0_g1_i1::g.116::m.116	MG020521.1	48.905	137	66	4	18	151	221	356	2.49e-40	131
FatWhiteEye_TRINITY_DN34402_c0_g1::TRINITY_DN34402_c0_g1_i1::g.116::m.116	MT112883.1	48.905	137	66	4	18	151	221	356	2.49e-40	131
FatWhiteEye_TRINITY_DN34402_c0_g1::TRINITY_DN34402_c0_g1_i1::g.116::m.116	OK432517.1	39.744	156	89	1	9	159	227	382	2.55e-40	131
FatWhiteEye_TRINITY_DN34402_c0_g1::TRINITY_DN34402_c0_g1_i1::g.116::m.116	MT112878.1	45.205	146	75	2	9	154	222	362	2.64e-40	131
FatWhiteEye_TRINITY_DN34402_c0_g1::TRINITY_DN34402_c0_g1_i1::g.116::m.116	MT112877.1	48.148	135	68	2	18	151	227	360	6.76e-40	130
FatWhiteEye_TRINITY_DN34402_c0_g1::TRINITY_DN34402_c0_g1_i1::g.116::m.116	MT112872.1	51.852	135	63	2	18	151	226	359	7.25e-40	130
FatWhiteEye_TRINITY_DN34402_c0_g1::TRINITY_DN34402_c0_g1_i1::g.116::m.116	DQ646870.1	46.715	137	69	4	18	151	222	357	3.35e-37	123
FatWhiteEye_TRINITY_DN34402_c0_g1::TRINITY_DN34402_c0_g1_i1::g.116::m.116	MT112886.1	44.853	136	70	2	8	143	221	351	1.13e-34	116
FatWhiteEye_TRINITY_DN34402_c0_g1::TRINITY_DN34402_c0_g1_i1::g.116::m.116	MT112861.1	39.873	158	88	3	8	165	222	372	2.10e-33	113
FatWhiteEye_TRINITY_DN34530_c0_g1::TRINITY_DN34530_c0_g1_i1::g.19647::m.19647	MT112884.1	22.848	302	209	8	15	309	48	332	1.47e-16	70.1
FatWhiteEye_TRINITY_DN34530_c0_g1::TRINITY_DN34530_c0_g1_i1::g.19647::m.19647	MT112859.1	23.333	300	199	12	20	309	67	345	3.11e-13	60.5
FatWhiteEye_TRINITY_DN34530_c0_g1::TRINITY_DN34530_c0_g1_i1::g.19647::m.19647	MT112885.1	23.684	304	193	12	20	309	67	345	3.68e-12	57.0
FatWhiteEye_TRINITY_DN34530_c0_g1::TRINITY_DN34530_c0_g1_i1::g.19647::m.19647	MT112871.1	23.102	303	196	13	20	309	67	345	7.27e-12	56.2
FatWhiteEye_TRINITY_DN34530_c0_g1::TRINITY_DN34530_c0_g1_i1::g.19647::m.19647	MT112863.1	22.378	286	206	9	23	304	77	350	3.98e-11	53.9
FatWhiteEye_TRINITY_DN34530_c0_g1::TRINITY_DN34530_c0_g1_i1::g.19647::m.19647	MT112862.1	20.833	288	210	10	22	304	74	348	4.66e-11	53.5
FatWhiteEye_TRINITY_DN34530_c0_g1::TRINITY_DN34530_c0_g1_i1::g.19647::m.19647	MT112866.1	22.759	290	200	11	23	304	77	350	2.32e-10	51.6
FatWhiteEye_TRINITY_DN34530_c0_g1::TRINITY_DN34530_c0_g1_i1::g.19647::m.19647	MT112886.1	23.510	302	196	10	20	309	68	346	3.43e-10	50.8
FatWhiteEye_TRINITY_DN34530_c0_g1::TRINITY_DN34530_c0_g1_i1::g.19647::m.19647	MT112882.1	19.728	294	218	8	20	309	53	332	7.09e-10	50.1
FatWhiteEye_TRINITY_DN34530_c0_g1::TRINITY_DN34530_c0_g1_i1::g.19647::m.19647	MT112881.1	21.622	296	207	12	20	308	68	345	1.67e-09	48.9
FatWhiteEye_TRINITY_DN34530_c0_g1::TRINITY_DN34530_c0_g1_i1::g.19647::m.19647	MT112869.1	21.895	306	216	12	7	306	58	346	1.72e-08	45.8
FatWhiteEye_TRINITY_DN34530_c0_g1::TRINITY_DN34530_c0_g1_i1::g.19647::m.19647	MG020524.1	22.259	301	195	9	20	306	68	343	7.98e-08	43.5
FatWhiteEye_TRINITY_DN34530_c0_g1::TRINITY_DN34530_c0_g1_i1::g.19647::m.19647	MT112861.1	21.753	308	200	10	20	312	69	350	1.46e-07	42.7
FatWhiteEye_TRINITY_DN34530_c0_g1::TRINITY_DN34530_c0_g1_i1::g.19647::m.19647	MT112879.1	22.772	303	195	11	20	308	68	345	2.70e-07	42.0
FatWhiteEye_TRINITY_DN34530_c0_g1::TRINITY_DN34530_c0_g1_i1::g.19647::m.19647	MG020522.1	19.936	311	217	13	11	309	62	352	1.40e-06	39.7
FatWhiteEye_TRINITY_DN34530_c0_g1::TRINITY_DN34530_c0_g1_i1::g.19647::m.19647	MT112867.1	21.242	306	213	13	11	306	62	349	2.85e-06	38.9
FatWhiteEye_TRINITY_DN34530_c0_g1::TRINITY_DN34530_c0_g1_i1::g.19647::m.19647	MT112887.1	22.259	301	192	12	23	306	71	346	6.86e-06	37.7
FatWhiteEye_TRINITY_DN34530_c0_g1::TRINITY_DN34530_c0_g1_i1::g.19647::m.19647	MT112870.1	20.645	310	215	12	7	306	64	352	8.14e-06	37.4
FatWhiteEye_TRINITY_DN37500_c0_g1::TRINITY_DN37500_c0_g1_i2::g.27308::m.27308	MG020521.1	22.785	237	140	9	107	326	118	328	2.88e-06	39.3
FatWhiteEye_TRINITY_DN37500_c0_g1::TRINITY_DN37500_c0_g1_i2::g.27308::m.27308	MT112883.1	22.785	237	140	9	107	326	118	328	2.88e-06	39.3
FatWhiteEye_TRINITY_DN38252_c0_g1::TRINITY_DN38252_c0_g1_i1::g.43728::m.43728	MT112863.1	49.281	278	136	4	45	320	18	292	4.59e-94	276
FatWhiteEye_TRINITY_DN38252_c0_g1::TRINITY_DN38252_c0_g1_i1::g.43728::m.43728	MG020522.1	49.077	271	136	2	51	320	20	289	1.04e-93	275
FatWhiteEye_TRINITY_DN38252_c0_g1::TRINITY_DN38252_c0_g1_i1::g.43728::m.43728	MT112862.1	47.482	278	141	4	45	320	16	290	8.80e-93	273
FatWhiteEye_TRINITY_DN38252_c0_g1::TRINITY_DN38252_c0_g1_i1::g.43728::m.43728	MT112867.1	48.708	271	137	2	51	320	20	289	3.11e-92	271
FatWhiteEye_TRINITY_DN38252_c0_g1::TRINITY_DN38252_c0_g1_i1::g.43728::m.43728	MT112866.1	47.482	278	141	4	45	320	18	292	3.50e-92	271
FatWhiteEye_TRINITY_DN38252_c0_g1::TRINITY_DN38252_c0_g1_i1::g.43728::m.43728	MT112887.1	46.097	269	143	2	50	317	16	283	1.11e-86	257
FatWhiteEye_TRINITY_DN38252_c0_g1::TRINITY_DN38252_c0_g1_i1::g.43728::m.43728	MT112869.1	40.636	283	163	2	37	319	8	285	1.13e-80	241
FatWhiteEye_TRINITY_DN38252_c0_g1::TRINITY_DN38252_c0_g1_i1::g.43728::m.43728	MT112864.1	44.697	264	144	2	55	317	23	285	1.56e-79	238
FatWhiteEye_TRINITY_DN38252_c0_g1::TRINITY_DN38252_c0_g1_i1::g.43728::m.43728	MT112868.1	43.071	267	150	2	55	320	23	288	3.79e-79	238
FatWhiteEye_TRINITY_DN38252_c0_g1::TRINITY_DN38252_c0_g1_i1::g.43728::m.43728	MT112870.1	41.489	282	160	2	38	319	15	291	5.32e-79	237
FatWhiteEye_TRINITY_DN38252_c0_g1::TRINITY_DN38252_c0_g1_i1::g.43728::m.43728	MT112859.1	42.471	259	147	2	61	319	26	282	1.21e-73	223
FatWhiteEye_TRINITY_DN38252_c0_g1::TRINITY_DN38252_c0_g1_i1::g.43728::m.43728	MT112885.1	42.471	259	147	2	61	319	26	282	2.33e-73	223
FatWhiteEye_TRINITY_DN38252_c0_g1::TRINITY_DN38252_c0_g1_i1::g.43728::m.43728	MT112871.1	40.541	259	152	2	61	319	26	282	5.89e-72	219
FatWhiteEye_TRINITY_DN38252_c0_g1::TRINITY_DN38252_c0_g1_i1::g.43728::m.43728	MT112872.1	38.929	280	168	3	42	320	6	283	1.29e-69	213
FatWhiteEye_TRINITY_DN38252_c0_g1::TRINITY_DN38252_c0_g1_i1::g.43728::m.43728	DQ646869.1	38.889	288	163	3	33	320	9	283	2.09e-69	213
FatWhiteEye_TRINITY_DN38252_c0_g1::TRINITY_DN38252_c0_g1_i1::g.43728::m.43728	MT112873.1	39.286	280	167	3	42	320	6	283	2.14e-69	212
FatWhiteEye_TRINITY_DN38252_c0_g1::TRINITY_DN38252_c0_g1_i1::g.43728::m.43728	MT112881.1	43.243	259	145	2	61	319	27	283	1.05e-68	211
FatWhiteEye_TRINITY_DN38252_c0_g1::TRINITY_DN38252_c0_g1_i1::g.43728::m.43728	DQ646871.1	38.214	280	170	3	42	320	6	283	5.10e-67	206
FatWhiteEye_TRINITY_DN38252_c0_g1::TRINITY_DN38252_c0_g1_i1::g.43728::m.43728	MG020524.1	40.769	260	152	2	61	320	27	284	1.32e-66	205
FatWhiteEye_TRINITY_DN38252_c0_g1::TRINITY_DN38252_c0_g1_i1::g.43728::m.43728	MT112879.1	37.370	289	168	3	31	319	8	283	2.60e-66	204
FatWhiteEye_TRINITY_DN38252_c0_g1::TRINITY_DN38252_c0_g1_i1::g.43728::m.43728	MT112877.1	41.699	259	149	2	61	319	27	283	4.44e-66	204
FatWhiteEye_TRINITY_DN38252_c0_g1::TRINITY_DN38252_c0_g1_i1::g.43728::m.43728	MT112861.1	38.846	260	157	2	61	320	28	285	1.18e-65	203
FatWhiteEye_TRINITY_DN38252_c0_g1::TRINITY_DN38252_c0_g1_i1::g.43728::m.43728	MT112865.1	37.762	286	170	4	36	320	5	283	4.67e-65	201
FatWhiteEye_TRINITY_DN38252_c0_g1::TRINITY_DN38252_c0_g1_i1::g.43728::m.43728	MT112878.1	40.625	256	150	2	64	319	30	283	1.66e-63	197
FatWhiteEye_TRINITY_DN38252_c0_g1::TRINITY_DN38252_c0_g1_i1::g.43728::m.43728	MT112882.1	37.308	260	160	3	61	319	12	269	2.55e-63	196
FatWhiteEye_TRINITY_DN38252_c0_g1::TRINITY_DN38252_c0_g1_i1::g.43728::m.43728	MT112886.1	36.154	260	164	2	61	320	27	284	1.37e-60	189
FatWhiteEye_TRINITY_DN38252_c0_g1::TRINITY_DN38252_c0_g1_i1::g.43728::m.43728	MG020521.1	35.517	290	173	4	31	319	2	278	1.50e-60	189
FatWhiteEye_TRINITY_DN38252_c0_g1::TRINITY_DN38252_c0_g1_i1::g.43728::m.43728	MT112883.1	35.517	290	173	4	31	319	2	278	1.50e-60	189
FatWhiteEye_TRINITY_DN38252_c0_g1::TRINITY_DN38252_c0_g1_i1::g.43728::m.43728	MT112884.1	38.224	259	155	4	63	319	14	269	1.06e-59	187
FatWhiteEye_TRINITY_DN38252_c0_g1::TRINITY_DN38252_c0_g1_i1::g.43728::m.43728	OK432517.1	36.576	257	158	4	64	320	42	293	8.52e-57	180
FatWhiteEye_TRINITY_DN38252_c0_g1::TRINITY_DN38252_c0_g1_i1::g.43728::m.43728	DQ646870.1	33.448	290	180	3	31	319	2	279	6.32e-53	169
FatWhiteEye_TRINITY_DN39218_c0_g1::TRINITY_DN39218_c0_g1_i1::g.28692::m.28692	MT112887.1	58.333	120	48	2	1	118	252	371	5.02e-48	149
FatWhiteEye_TRINITY_DN39218_c0_g1::TRINITY_DN39218_c0_g1_i1::g.28692::m.28692	MT112868.1	53.659	123	55	2	1	121	254	376	2.51e-47	147
FatWhiteEye_TRINITY_DN39218_c0_g1::TRINITY_DN39218_c0_g1_i1::g.28692::m.28692	MT112864.1	57.724	123	49	2	1	122	254	374	6.49e-47	146
FatWhiteEye_TRINITY_DN39218_c0_g1::TRINITY_DN39218_c0_g1_i1::g.28692::m.28692	MG020522.1	54.839	124	55	1	1	123	255	378	2.28e-45	142
FatWhiteEye_TRINITY_DN39218_c0_g1::TRINITY_DN39218_c0_g1_i1::g.28692::m.28692	MT112863.1	51.613	124	59	1	1	123	258	381	3.57e-44	139
FatWhiteEye_TRINITY_DN39218_c0_g1::TRINITY_DN39218_c0_g1_i1::g.28692::m.28692	MT112867.1	54.032	124	56	1	1	123	255	378	4.01e-44	139
FatWhiteEye_TRINITY_DN39218_c0_g1::TRINITY_DN39218_c0_g1_i1::g.28692::m.28692	MT112862.1	54.098	122	55	1	1	121	256	377	4.58e-44	139
FatWhiteEye_TRINITY_DN39218_c0_g1::TRINITY_DN39218_c0_g1_i1::g.28692::m.28692	MT112866.1	53.719	121	52	2	1	117	258	378	3.91e-43	137
FatWhiteEye_TRINITY_DN39218_c0_g1::TRINITY_DN39218_c0_g1_i1::g.28692::m.28692	MT112869.1	49.167	120	57	1	1	116	253	372	1.78e-42	135
FatWhiteEye_TRINITY_DN39218_c0_g1::TRINITY_DN39218_c0_g1_i1::g.28692::m.28692	MT112870.1	52.336	107	51	0	1	107	259	365	3.13e-41	132
FatWhiteEye_TRINITY_DN39218_c0_g1::TRINITY_DN39218_c0_g1_i1::g.28692::m.28692	OK432517.1	44.262	122	63	1	2	118	261	382	5.72e-35	115
FatWhiteEye_TRINITY_DN39218_c0_g1::TRINITY_DN39218_c0_g1_i1::g.28692::m.28692	MT112871.1	46.218	119	61	2	2	120	251	366	1.28e-33	112
FatWhiteEye_TRINITY_DN39218_c0_g1::TRINITY_DN39218_c0_g1_i1::g.28692::m.28692	MT112885.1	48.718	117	58	2	2	117	251	366	1.96e-33	111
FatWhiteEye_TRINITY_DN39218_c0_g1::TRINITY_DN39218_c0_g1_i1::g.28692::m.28692	MT112859.1	46.087	115	61	1	2	116	251	364	2.02e-33	111
FatWhiteEye_TRINITY_DN39218_c0_g1::TRINITY_DN39218_c0_g1_i1::g.28692::m.28692	MG020521.1	49.558	113	53	4	1	110	245	356	4.97e-33	110
FatWhiteEye_TRINITY_DN39218_c0_g1::TRINITY_DN39218_c0_g1_i1::g.28692::m.28692	MT112883.1	49.558	113	53	4	1	110	245	356	4.97e-33	110
FatWhiteEye_TRINITY_DN39218_c0_g1::TRINITY_DN39218_c0_g1_i1::g.28692::m.28692	MT112865.1	47.826	115	59	1	2	116	251	364	4.54e-32	107
FatWhiteEye_TRINITY_DN39218_c0_g1::TRINITY_DN39218_c0_g1_i1::g.28692::m.28692	MG020524.1	46.087	115	61	1	2	116	252	365	4.53e-31	105
FatWhiteEye_TRINITY_DN39218_c0_g1::TRINITY_DN39218_c0_g1_i1::g.28692::m.28692	MT112882.1	42.500	120	66	3	2	119	237	355	1.03e-30	103
FatWhiteEye_TRINITY_DN39218_c0_g1::TRINITY_DN39218_c0_g1_i1::g.28692::m.28692	MT112873.1	49.091	110	54	2	2	110	251	359	1.57e-30	103
FatWhiteEye_TRINITY_DN39218_c0_g1::TRINITY_DN39218_c0_g1_i1::g.28692::m.28692	DQ646869.1	49.091	110	54	2	2	110	251	359	2.18e-30	103
FatWhiteEye_TRINITY_DN39218_c0_g1::TRINITY_DN39218_c0_g1_i1::g.28692::m.28692	MT112881.1	45.455	110	59	1	1	110	251	359	3.98e-30	102
FatWhiteEye_TRINITY_DN39218_c0_g1::TRINITY_DN39218_c0_g1_i1::g.28692::m.28692	MT112878.1	44.954	109	59	1	2	110	252	359	4.70e-30	102
FatWhiteEye_TRINITY_DN39218_c0_g1::TRINITY_DN39218_c0_g1_i1::g.28692::m.28692	DQ646871.1	48.182	110	55	2	2	110	251	359	1.07e-29	101
FatWhiteEye_TRINITY_DN39218_c0_g1::TRINITY_DN39218_c0_g1_i1::g.28692::m.28692	MT112884.1	48.696	115	55	4	2	113	237	350	1.41e-29	100
FatWhiteEye_TRINITY_DN39218_c0_g1::TRINITY_DN39218_c0_g1_i1::g.28692::m.28692	DQ646870.1	46.903	113	56	4	1	110	246	357	1.45e-29	101
FatWhiteEye_TRINITY_DN39218_c0_g1::TRINITY_DN39218_c0_g1_i1::g.28692::m.28692	MT112879.1	47.525	101	52	1	2	102	252	351	2.57e-29	100
FatWhiteEye_TRINITY_DN39218_c0_g1::TRINITY_DN39218_c0_g1_i1::g.28692::m.28692	MT112877.1	45.455	110	58	2	2	110	252	360	3.13e-29	100
FatWhiteEye_TRINITY_DN39218_c0_g1::TRINITY_DN39218_c0_g1_i1::g.28692::m.28692	MT112872.1	48.182	110	55	2	2	110	251	359	5.62e-29	99.8
FatWhiteEye_TRINITY_DN39218_c0_g1::TRINITY_DN39218_c0_g1_i1::g.28692::m.28692	MT112886.1	41.176	119	67	2	2	120	252	367	1.35e-25	90.5
FatWhiteEye_TRINITY_DN39218_c0_g1::TRINITY_DN39218_c0_g1_i1::g.28692::m.28692	MT112861.1	38.525	122	72	2	2	123	253	371	1.84e-24	87.4
FatWhiteEye_TRINITY_DN41112_c0_g1::TRINITY_DN41112_c0_g1_i4::g.36437::m.36437	MT112866.1	30.928	97	56	4	179	267	259	352	5.47e-06	38.1
FatWhiteEye_TRINITY_DN41112_c0_g1::TRINITY_DN41112_c0_g1_i4::g.36437::m.36437	MT112863.1	30.928	97	56	4	179	267	259	352	9.98e-06	37.4
FatWhiteEye_TRINITY_DN41653_c0_g1::TRINITY_DN41653_c0_g1_i1::g.42828::m.42828	MT112862.1	46.154	351	187	2	2	351	28	377	5.33e-120	343
FatWhiteEye_TRINITY_DN41653_c0_g1::TRINITY_DN41653_c0_g1_i1::g.42828::m.42828	MG020522.1	47.606	355	180	4	2	353	27	378	1.19e-119	342
FatWhiteEye_TRINITY_DN41653_c0_g1::TRINITY_DN41653_c0_g1_i1::g.42828::m.42828	MT112866.1	45.787	356	188	3	2	353	30	384	1.73e-119	342
FatWhiteEye_TRINITY_DN41653_c0_g1::TRINITY_DN41653_c0_g1_i1::g.42828::m.42828	MT112863.1	46.176	353	188	2	2	353	30	381	2.20e-119	342
FatWhiteEye_TRINITY_DN41653_c0_g1::TRINITY_DN41653_c0_g1_i1::g.42828::m.42828	MT112867.1	47.309	353	184	2	2	353	27	378	4.48e-118	338
FatWhiteEye_TRINITY_DN41653_c0_g1::TRINITY_DN41653_c0_g1_i1::g.42828::m.42828	MT112887.1	47.143	350	180	4	2	348	24	371	2.05e-115	332
FatWhiteEye_TRINITY_DN41653_c0_g1::TRINITY_DN41653_c0_g1_i1::g.42828::m.42828	MT112868.1	44.571	350	192	2	2	350	26	374	1.17e-111	322
FatWhiteEye_TRINITY_DN41653_c0_g1::TRINITY_DN41653_c0_g1_i1::g.42828::m.42828	MT112864.1	46.459	353	185	4	2	352	26	376	8.63e-111	320
FatWhiteEye_TRINITY_DN41653_c0_g1::TRINITY_DN41653_c0_g1_i1::g.42828::m.42828	MT112869.1	43.220	354	193	3	2	351	25	374	1.52e-108	314
FatWhiteEye_TRINITY_DN41653_c0_g1::TRINITY_DN41653_c0_g1_i1::g.42828::m.42828	MT112870.1	42.978	356	197	3	2	353	31	384	1.39e-107	312
FatWhiteEye_TRINITY_DN41653_c0_g1::TRINITY_DN41653_c0_g1_i1::g.42828::m.42828	MT112885.1	44.413	349	191	3	5	353	26	371	2.36e-107	311
FatWhiteEye_TRINITY_DN41653_c0_g1::TRINITY_DN41653_c0_g1_i1::g.42828::m.42828	MT112871.1	42.045	352	196	5	5	353	26	372	1.38e-102	299
FatWhiteEye_TRINITY_DN41653_c0_g1::TRINITY_DN41653_c0_g1_i1::g.42828::m.42828	MT112859.1	43.149	343	192	3	5	347	26	365	8.08e-102	297
FatWhiteEye_TRINITY_DN41653_c0_g1::TRINITY_DN41653_c0_g1_i1::g.42828::m.42828	MT112882.1	42.450	351	196	6	5	353	12	358	5.20e-100	291
FatWhiteEye_TRINITY_DN41653_c0_g1::TRINITY_DN41653_c0_g1_i1::g.42828::m.42828	MT112873.1	43.917	337	185	4	5	340	26	359	1.32e-98	288
FatWhiteEye_TRINITY_DN41653_c0_g1::TRINITY_DN41653_c0_g1_i1::g.42828::m.42828	MG020524.1	43.275	342	191	3	5	346	27	365	2.29e-98	288
FatWhiteEye_TRINITY_DN41653_c0_g1::TRINITY_DN41653_c0_g1_i1::g.42828::m.42828	MT112879.1	44.545	330	176	4	5	332	27	351	1.16e-97	286
FatWhiteEye_TRINITY_DN41653_c0_g1::TRINITY_DN41653_c0_g1_i1::g.42828::m.42828	MT112881.1	43.155	336	188	3	5	340	27	359	1.20e-97	286
FatWhiteEye_TRINITY_DN41653_c0_g1::TRINITY_DN41653_c0_g1_i1::g.42828::m.42828	DQ646869.1	43.323	337	187	4	5	340	26	359	1.88e-97	286
FatWhiteEye_TRINITY_DN41653_c0_g1::TRINITY_DN41653_c0_g1_i1::g.42828::m.42828	MT112865.1	44.315	343	182	6	5	343	26	363	1.90e-97	286
FatWhiteEye_TRINITY_DN41653_c0_g1::TRINITY_DN41653_c0_g1_i1::g.42828::m.42828	MT112877.1	44.118	340	182	5	5	341	27	361	7.84e-97	284
FatWhiteEye_TRINITY_DN41653_c0_g1::TRINITY_DN41653_c0_g1_i1::g.42828::m.42828	MT112872.1	43.323	337	187	4	5	340	26	359	1.08e-96	284
FatWhiteEye_TRINITY_DN41653_c0_g1::TRINITY_DN41653_c0_g1_i1::g.42828::m.42828	MT112884.1	43.103	348	192	6	7	351	14	358	1.31e-96	283
FatWhiteEye_TRINITY_DN41653_c0_g1::TRINITY_DN41653_c0_g1_i1::g.42828::m.42828	DQ646871.1	43.027	337	188	4	5	340	26	359	3.70e-96	282
FatWhiteEye_TRINITY_DN41653_c0_g1::TRINITY_DN41653_c0_g1_i1::g.42828::m.42828	MT112878.1	43.027	337	185	4	9	343	31	362	2.00e-95	281
FatWhiteEye_TRINITY_DN41653_c0_g1::TRINITY_DN41653_c0_g1_i1::g.42828::m.42828	MT112861.1	42.254	355	198	5	1	353	22	371	1.20e-94	278
FatWhiteEye_TRINITY_DN41653_c0_g1::TRINITY_DN41653_c0_g1_i1::g.42828::m.42828	MG020521.1	41.176	340	191	6	5	340	21	355	1.59e-93	275
FatWhiteEye_TRINITY_DN41653_c0_g1::TRINITY_DN41653_c0_g1_i1::g.42828::m.42828	MT112883.1	41.176	340	191	6	5	340	21	355	1.59e-93	275
FatWhiteEye_TRINITY_DN41653_c0_g1::TRINITY_DN41653_c0_g1_i1::g.42828::m.42828	MT112886.1	40.286	350	205	4	5	353	27	373	9.23e-92	271
FatWhiteEye_TRINITY_DN41653_c0_g1::TRINITY_DN41653_c0_g1_i1::g.42828::m.42828	DQ646870.1	39.244	344	193	7	5	340	21	356	1.97e-83	249
FatWhiteEye_TRINITY_DN41653_c0_g1::TRINITY_DN41653_c0_g1_i1::g.42828::m.42828	OK432517.1	34.884	344	219	4	10	353	44	382	1.19e-76	233
FatWhiteEye_TRINITY_DN41812_c0_g1::TRINITY_DN41812_c0_g1_i1::g.20799::m.20799	MT112887.1	48.509	369	182	4	28	395	13	374	1.39e-127	364
FatWhiteEye_TRINITY_DN41812_c0_g1::TRINITY_DN41812_c0_g1_i1::g.20799::m.20799	MG020522.1	48.352	364	186	2	34	396	20	382	2.43e-125	358
FatWhiteEye_TRINITY_DN41812_c0_g1::TRINITY_DN41812_c0_g1_i1::g.20799::m.20799	MT112867.1	48.077	364	187	2	34	396	20	382	9.41e-124	355
FatWhiteEye_TRINITY_DN41812_c0_g1::TRINITY_DN41812_c0_g1_i1::g.20799::m.20799	MT112866.1	46.281	363	192	3	34	394	23	384	1.66e-122	352
FatWhiteEye_TRINITY_DN41812_c0_g1::TRINITY_DN41812_c0_g1_i1::g.20799::m.20799	MT112863.1	46.612	369	192	4	28	395	18	382	6.55e-122	350
FatWhiteEye_TRINITY_DN41812_c0_g1::TRINITY_DN41812_c0_g1_i1::g.20799::m.20799	MT112868.1	47.863	351	180	3	38	387	23	371	7.16e-121	347
FatWhiteEye_TRINITY_DN41812_c0_g1::TRINITY_DN41812_c0_g1_i1::g.20799::m.20799	MT112864.1	46.797	359	185	3	38	395	23	376	4.21e-120	345
FatWhiteEye_TRINITY_DN41812_c0_g1::TRINITY_DN41812_c0_g1_i1::g.20799::m.20799	MT112862.1	46.361	371	191	6	28	395	16	381	3.12e-119	343
FatWhiteEye_TRINITY_DN41812_c0_g1::TRINITY_DN41812_c0_g1_i1::g.20799::m.20799	MT112869.1	41.710	386	218	3	13	396	1	381	2.14e-115	333
FatWhiteEye_TRINITY_DN41812_c0_g1::TRINITY_DN41812_c0_g1_i1::g.20799::m.20799	MT112870.1	42.391	368	211	1	28	395	18	384	1.69e-113	328
FatWhiteEye_TRINITY_DN41812_c0_g1::TRINITY_DN41812_c0_g1_i1::g.20799::m.20799	MT112885.1	44.068	354	189	6	44	396	26	371	2.35e-98	290
FatWhiteEye_TRINITY_DN41812_c0_g1::TRINITY_DN41812_c0_g1_i1::g.20799::m.20799	MT112871.1	42.120	349	192	5	44	390	26	366	1.94e-94	280
FatWhiteEye_TRINITY_DN41812_c0_g1::TRINITY_DN41812_c0_g1_i1::g.20799::m.20799	MT112881.1	43.182	352	197	3	44	395	27	375	1.26e-93	278
FatWhiteEye_TRINITY_DN41812_c0_g1::TRINITY_DN41812_c0_g1_i1::g.20799::m.20799	MT112877.1	44.068	354	193	4	44	396	27	376	3.50e-93	276
FatWhiteEye_TRINITY_DN41812_c0_g1::TRINITY_DN41812_c0_g1_i1::g.20799::m.20799	MT112865.1	42.105	342	193	4	44	384	26	363	7.98e-93	275
FatWhiteEye_TRINITY_DN41812_c0_g1::TRINITY_DN41812_c0_g1_i1::g.20799::m.20799	MT112859.1	40.227	353	206	4	44	396	26	373	1.87e-92	275
FatWhiteEye_TRINITY_DN41812_c0_g1::TRINITY_DN41812_c0_g1_i1::g.20799::m.20799	MT112873.1	41.888	339	190	4	44	380	26	359	2.86e-91	271
FatWhiteEye_TRINITY_DN41812_c0_g1::TRINITY_DN41812_c0_g1_i1::g.20799::m.20799	MG020524.1	41.349	341	197	3	44	384	27	364	3.35e-90	269
FatWhiteEye_TRINITY_DN41812_c0_g1::TRINITY_DN41812_c0_g1_i1::g.20799::m.20799	DQ646871.1	41.298	339	192	4	44	380	26	359	1.55e-89	267
FatWhiteEye_TRINITY_DN41812_c0_g1::TRINITY_DN41812_c0_g1_i1::g.20799::m.20799	MT112879.1	42.378	328	182	4	44	369	27	349	1.58e-89	267
FatWhiteEye_TRINITY_DN41812_c0_g1::TRINITY_DN41812_c0_g1_i1::g.20799::m.20799	DQ646869.1	40.708	339	194	4	44	380	26	359	3.60e-89	266
FatWhiteEye_TRINITY_DN41812_c0_g1::TRINITY_DN41812_c0_g1_i1::g.20799::m.20799	MT112872.1	41.003	339	193	4	44	380	26	359	5.99e-89	265
FatWhiteEye_TRINITY_DN41812_c0_g1::TRINITY_DN41812_c0_g1_i1::g.20799::m.20799	MT112878.1	41.193	352	198	4	48	396	31	376	2.34e-88	264
FatWhiteEye_TRINITY_DN41812_c0_g1::TRINITY_DN41812_c0_g1_i1::g.20799::m.20799	MT112861.1	39.943	353	204	4	44	396	28	372	2.50e-87	261
FatWhiteEye_TRINITY_DN41812_c0_g1::TRINITY_DN41812_c0_g1_i1::g.20799::m.20799	MT112886.1	39.607	356	202	6	44	395	27	373	3.95e-86	258
FatWhiteEye_TRINITY_DN41812_c0_g1::TRINITY_DN41812_c0_g1_i1::g.20799::m.20799	MT112884.1	39.429	350	203	6	44	391	12	354	1.14e-84	254
FatWhiteEye_TRINITY_DN41812_c0_g1::TRINITY_DN41812_c0_g1_i1::g.20799::m.20799	MT112882.1	37.571	354	214	6	44	395	12	360	2.06e-84	253
FatWhiteEye_TRINITY_DN41812_c0_g1::TRINITY_DN41812_c0_g1_i1::g.20799::m.20799	MG020521.1	38.874	373	219	6	28	396	4	371	1.93e-82	248
FatWhiteEye_TRINITY_DN41812_c0_g1::TRINITY_DN41812_c0_g1_i1::g.20799::m.20799	MT112883.1	38.606	373	220	6	28	396	4	371	1.93e-82	248
FatWhiteEye_TRINITY_DN41812_c0_g1::TRINITY_DN41812_c0_g1_i1::g.20799::m.20799	OK432517.1	33.590	390	242	6	1	387	5	380	7.14e-82	248
FatWhiteEye_TRINITY_DN41812_c0_g1::TRINITY_DN41812_c0_g1_i1::g.20799::m.20799	DQ646870.1	36.729	373	228	5	28	396	4	372	8.53e-73	224
FatWhiteEye_TRINITY_DN41812_c0_g3::TRINITY_DN41812_c0_g3_i1::g.20806::m.20806	MT112887.1	45.455	264	142	2	2	264	26	288	1.22e-84	249
FatWhiteEye_TRINITY_DN41812_c0_g3::TRINITY_DN41812_c0_g3_i1::g.20806::m.20806	MT112863.1	45.247	263	142	2	3	264	33	294	2.24e-83	246
FatWhiteEye_TRINITY_DN41812_c0_g3::TRINITY_DN41812_c0_g3_i1::g.20806::m.20806	MT112866.1	44.318	264	145	2	3	265	33	295	2.91e-83	246
FatWhiteEye_TRINITY_DN41812_c0_g3::TRINITY_DN41812_c0_g3_i1::g.20806::m.20806	MT112862.1	43.396	265	148	2	2	265	30	293	1.79e-82	244
FatWhiteEye_TRINITY_DN41812_c0_g3::TRINITY_DN41812_c0_g3_i1::g.20806::m.20806	MG020522.1	44.487	263	144	2	3	264	30	291	1.09e-80	239
FatWhiteEye_TRINITY_DN41812_c0_g3::TRINITY_DN41812_c0_g3_i1::g.20806::m.20806	MT112867.1	44.106	263	145	2	3	264	30	291	1.23e-79	237
FatWhiteEye_TRINITY_DN41812_c0_g3::TRINITY_DN41812_c0_g3_i1::g.20806::m.20806	MT112864.1	44.318	264	145	2	2	264	28	290	5.42e-77	230
FatWhiteEye_TRINITY_DN41812_c0_g3::TRINITY_DN41812_c0_g3_i1::g.20806::m.20806	MT112868.1	43.182	264	148	2	2	264	28	290	2.17e-76	228
FatWhiteEye_TRINITY_DN41812_c0_g3::TRINITY_DN41812_c0_g3_i1::g.20806::m.20806	MT112869.1	40.684	263	155	1	3	265	28	289	2.01e-74	223
FatWhiteEye_TRINITY_DN41812_c0_g3::TRINITY_DN41812_c0_g3_i1::g.20806::m.20806	MT112885.1	43.511	262	146	2	3	264	26	285	6.81e-73	219
FatWhiteEye_TRINITY_DN41812_c0_g3::TRINITY_DN41812_c0_g3_i1::g.20806::m.20806	MT112871.1	42.045	264	147	3	3	264	26	285	7.20e-73	219
FatWhiteEye_TRINITY_DN41812_c0_g3::TRINITY_DN41812_c0_g3_i1::g.20806::m.20806	MT112870.1	40.304	263	156	1	3	265	34	295	1.11e-72	219
FatWhiteEye_TRINITY_DN41812_c0_g3::TRINITY_DN41812_c0_g3_i1::g.20806::m.20806	MT112859.1	42.748	262	148	2	3	264	26	285	5.65e-72	217
FatWhiteEye_TRINITY_DN41812_c0_g3::TRINITY_DN41812_c0_g3_i1::g.20806::m.20806	MT112879.1	42.045	264	147	3	3	264	27	286	1.81e-70	213
FatWhiteEye_TRINITY_DN41812_c0_g3::TRINITY_DN41812_c0_g3_i1::g.20806::m.20806	MT112881.1	42.366	262	149	2	3	264	27	286	1.10e-68	209
FatWhiteEye_TRINITY_DN41812_c0_g3::TRINITY_DN41812_c0_g3_i1::g.20806::m.20806	MT112873.1	40.152	264	152	3	3	264	26	285	5.63e-67	204
FatWhiteEye_TRINITY_DN41812_c0_g3::TRINITY_DN41812_c0_g3_i1::g.20806::m.20806	MT112872.1	39.773	264	153	3	3	264	26	285	5.82e-67	204
FatWhiteEye_TRINITY_DN41812_c0_g3::TRINITY_DN41812_c0_g3_i1::g.20806::m.20806	MT112877.1	43.182	264	144	3	3	264	27	286	1.12e-66	203
FatWhiteEye_TRINITY_DN41812_c0_g3::TRINITY_DN41812_c0_g3_i1::g.20806::m.20806	DQ646869.1	39.773	264	153	3	3	264	26	285	1.29e-66	203
FatWhiteEye_TRINITY_DN41812_c0_g3::TRINITY_DN41812_c0_g3_i1::g.20806::m.20806	MG020524.1	41.603	262	151	2	3	264	27	286	2.08e-66	202
FatWhiteEye_TRINITY_DN41812_c0_g3::TRINITY_DN41812_c0_g3_i1::g.20806::m.20806	MT112865.1	42.045	264	147	3	3	264	26	285	6.23e-66	201
FatWhiteEye_TRINITY_DN41812_c0_g3::TRINITY_DN41812_c0_g3_i1::g.20806::m.20806	MT112861.1	40.458	262	154	2	3	264	28	287	2.55e-65	200
FatWhiteEye_TRINITY_DN41812_c0_g3::TRINITY_DN41812_c0_g3_i1::g.20806::m.20806	MT112878.1	42.308	260	144	3	7	264	31	286	1.27e-64	198
FatWhiteEye_TRINITY_DN41812_c0_g3::TRINITY_DN41812_c0_g3_i1::g.20806::m.20806	DQ646871.1	39.015	264	155	3	3	264	26	285	1.93e-64	197
FatWhiteEye_TRINITY_DN41812_c0_g3::TRINITY_DN41812_c0_g3_i1::g.20806::m.20806	MT112882.1	38.403	263	159	3	3	264	12	272	5.60e-64	196
FatWhiteEye_TRINITY_DN41812_c0_g3::TRINITY_DN41812_c0_g3_i1::g.20806::m.20806	MT112886.1	38.931	262	158	2	3	264	27	286	8.87e-63	193
FatWhiteEye_TRINITY_DN41812_c0_g3::TRINITY_DN41812_c0_g3_i1::g.20806::m.20806	MG020521.1	39.245	265	154	4	3	264	21	281	6.32e-61	188
FatWhiteEye_TRINITY_DN41812_c0_g3::TRINITY_DN41812_c0_g3_i1::g.20806::m.20806	MT112883.1	39.245	265	154	4	3	264	21	281	6.32e-61	188
FatWhiteEye_TRINITY_DN41812_c0_g3::TRINITY_DN41812_c0_g3_i1::g.20806::m.20806	MT112884.1	38.697	261	157	3	5	264	14	272	1.24e-59	185
FatWhiteEye_TRINITY_DN41812_c0_g3::TRINITY_DN41812_c0_g3_i1::g.20806::m.20806	OK432517.1	35.686	255	159	4	8	262	44	293	6.67e-55	173
FatWhiteEye_TRINITY_DN41812_c0_g3::TRINITY_DN41812_c0_g3_i1::g.20806::m.20806	DQ646870.1	36.604	265	162	3	3	264	21	282	7.01e-53	167
FatWhiteEye_TRINITY_DN41812_c0_g3::TRINITY_DN41812_c0_g3_i2::g.20808::m.20808	MT112887.1	45.255	274	148	2	32	304	16	288	1.71e-86	256
FatWhiteEye_TRINITY_DN41812_c0_g3::TRINITY_DN41812_c0_g3_i2::g.20808::m.20808	MT112863.1	45.161	279	150	3	27	304	18	294	3.61e-86	255
FatWhiteEye_TRINITY_DN41812_c0_g3::TRINITY_DN41812_c0_g3_i2::g.20808::m.20808	MT112862.1	44.086	279	153	3	27	304	16	292	7.11e-86	254
FatWhiteEye_TRINITY_DN41812_c0_g3::TRINITY_DN41812_c0_g3_i2::g.20808::m.20808	MT112866.1	44.086	279	153	3	27	304	18	294	2.56e-85	253
FatWhiteEye_TRINITY_DN41812_c0_g3::TRINITY_DN41812_c0_g3_i2::g.20808::m.20808	MG020522.1	45.290	276	147	3	30	304	19	291	4.46e-84	249
FatWhiteEye_TRINITY_DN41812_c0_g3::TRINITY_DN41812_c0_g3_i2::g.20808::m.20808	MT112867.1	44.928	276	148	3	30	304	19	291	4.37e-83	247
FatWhiteEye_TRINITY_DN41812_c0_g3::TRINITY_DN41812_c0_g3_i2::g.20808::m.20808	MT112864.1	42.857	287	160	3	19	304	7	290	2.38e-79	237
FatWhiteEye_TRINITY_DN41812_c0_g3::TRINITY_DN41812_c0_g3_i2::g.20808::m.20808	MT112868.1	43.494	269	150	2	37	304	23	290	2.43e-78	235
FatWhiteEye_TRINITY_DN41812_c0_g3::TRINITY_DN41812_c0_g3_i2::g.20808::m.20808	MT112869.1	42.007	269	155	1	37	305	22	289	1.18e-77	233
FatWhiteEye_TRINITY_DN41812_c0_g3::TRINITY_DN41812_c0_g3_i2::g.20808::m.20808	MT112870.1	41.912	272	157	1	34	305	25	295	2.34e-76	230
FatWhiteEye_TRINITY_DN41812_c0_g3::TRINITY_DN41812_c0_g3_i2::g.20808::m.20808	MT112885.1	43.893	262	145	2	43	304	26	285	5.22e-73	221
FatWhiteEye_TRINITY_DN41812_c0_g3::TRINITY_DN41812_c0_g3_i2::g.20808::m.20808	MT112859.1	43.511	262	146	2	43	304	26	285	1.79e-72	220
FatWhiteEye_TRINITY_DN41812_c0_g3::TRINITY_DN41812_c0_g3_i2::g.20808::m.20808	MT112871.1	42.045	264	147	3	43	304	26	285	3.52e-72	219
FatWhiteEye_TRINITY_DN41812_c0_g3::TRINITY_DN41812_c0_g3_i2::g.20808::m.20808	MT112879.1	41.288	264	149	3	43	304	27	286	3.61e-69	211
FatWhiteEye_TRINITY_DN41812_c0_g3::TRINITY_DN41812_c0_g3_i2::g.20808::m.20808	MT112881.1	41.985	262	150	2	43	304	27	286	1.25e-67	207
FatWhiteEye_TRINITY_DN41812_c0_g3::TRINITY_DN41812_c0_g3_i2::g.20808::m.20808	MT112872.1	40.152	264	152	3	43	304	26	285	1.57e-67	207
FatWhiteEye_TRINITY_DN41812_c0_g3::TRINITY_DN41812_c0_g3_i2::g.20808::m.20808	MT112873.1	40.530	264	151	3	43	304	26	285	2.07e-67	207
FatWhiteEye_TRINITY_DN41812_c0_g3::TRINITY_DN41812_c0_g3_i2::g.20808::m.20808	DQ646869.1	40.152	264	152	3	43	304	26	285	3.95e-67	206
FatWhiteEye_TRINITY_DN41812_c0_g3::TRINITY_DN41812_c0_g3_i2::g.20808::m.20808	MT112865.1	40.816	294	154	7	18	304	5	285	6.23e-67	206
FatWhiteEye_TRINITY_DN41812_c0_g3::TRINITY_DN41812_c0_g3_i2::g.20808::m.20808	MG020524.1	42.105	266	144	4	43	304	27	286	3.94e-66	203
FatWhiteEye_TRINITY_DN41812_c0_g3::TRINITY_DN41812_c0_g3_i2::g.20808::m.20808	MT112877.1	42.803	264	145	3	43	304	27	286	1.16e-65	202
FatWhiteEye_TRINITY_DN41812_c0_g3::TRINITY_DN41812_c0_g3_i2::g.20808::m.20808	MT112861.1	40.458	262	154	2	43	304	28	287	1.65e-65	202
FatWhiteEye_TRINITY_DN41812_c0_g3::TRINITY_DN41812_c0_g3_i2::g.20808::m.20808	DQ646871.1	39.394	264	154	3	43	304	26	285	6.18e-65	200
FatWhiteEye_TRINITY_DN41812_c0_g3::TRINITY_DN41812_c0_g3_i2::g.20808::m.20808	MT112882.1	38.783	263	158	3	43	304	12	272	3.61e-64	198
FatWhiteEye_TRINITY_DN41812_c0_g3::TRINITY_DN41812_c0_g3_i2::g.20808::m.20808	MT112878.1	41.923	260	145	3	47	304	31	286	1.72e-63	197
FatWhiteEye_TRINITY_DN41812_c0_g3::TRINITY_DN41812_c0_g3_i2::g.20808::m.20808	MT112886.1	38.168	262	160	2	43	304	27	286	7.36e-62	192
FatWhiteEye_TRINITY_DN41812_c0_g3::TRINITY_DN41812_c0_g3_i2::g.20808::m.20808	MG020521.1	39.623	265	153	4	43	304	21	281	2.48e-61	191
FatWhiteEye_TRINITY_DN41812_c0_g3::TRINITY_DN41812_c0_g3_i2::g.20808::m.20808	MT112883.1	39.623	265	153	4	43	304	21	281	2.48e-61	191
FatWhiteEye_TRINITY_DN41812_c0_g3::TRINITY_DN41812_c0_g3_i2::g.20808::m.20808	MT112884.1	39.080	261	156	3	45	304	14	272	7.48e-60	187
FatWhiteEye_TRINITY_DN41812_c0_g3::TRINITY_DN41812_c0_g3_i2::g.20808::m.20808	OK432517.1	36.471	255	157	4	48	302	44	293	2.43e-57	181
FatWhiteEye_TRINITY_DN41812_c0_g3::TRINITY_DN41812_c0_g3_i2::g.20808::m.20808	DQ646870.1	36.981	265	161	3	43	304	21	282	7.86e-53	169
FatWhiteEye_TRINITY_DN53632_c0_g1::TRINITY_DN53632_c0_g1_i1::g.2493::m.2493	MT112882.1	21.260	127	89	3	6	123	196	320	2.56e-07	38.9
FatWhiteEye_TRINITY_DN53632_c0_g1::TRINITY_DN53632_c0_g1_i1::g.2493::m.2493	MT112885.1	24.211	95	63	3	35	123	242	333	6.19e-07	37.7
FatWhiteEye_TRINITY_DN53632_c0_g1::TRINITY_DN53632_c0_g1_i1::g.2493::m.2493	MG020524.1	25.203	123	82	4	9	123	214	334	7.51e-07	37.7
FatWhiteEye_TRINITY_DN53632_c0_g1::TRINITY_DN53632_c0_g1_i1::g.2493::m.2493	MG020521.1	21.774	124	86	3	9	123	208	329	1.10e-06	37.0
FatWhiteEye_TRINITY_DN53632_c0_g1::TRINITY_DN53632_c0_g1_i1::g.2493::m.2493	MT112883.1	21.774	124	86	3	9	123	208	329	1.10e-06	37.0
FatWhiteEye_TRINITY_DN53632_c0_g1::TRINITY_DN53632_c0_g1_i1::g.2493::m.2493	DQ646869.1	25.984	127	76	6	9	123	213	333	1.20e-06	37.0
FatWhiteEye_TRINITY_DN53632_c0_g1::TRINITY_DN53632_c0_g1_i1::g.2493::m.2493	MT112884.1	22.018	109	74	3	24	123	214	320	1.79e-06	36.6
FatWhiteEye_TRINITY_DN53632_c0_g1::TRINITY_DN53632_c0_g1_i1::g.2493::m.2493	MT112865.1	24.194	124	82	5	9	123	213	333	1.89e-06	36.6
FatWhiteEye_TRINITY_DN53632_c0_g1::TRINITY_DN53632_c0_g1_i1::g.2493::m.2493	MT112879.1	27.559	127	74	6	9	123	214	334	3.24e-06	35.8
FatWhiteEye_TRINITY_DN53632_c0_g1::TRINITY_DN53632_c0_g1_i1::g.2493::m.2493	MT112873.1	25.197	127	77	6	9	123	213	333	4.36e-06	35.4
FatWhiteEye_TRINITY_DN53632_c0_g1::TRINITY_DN53632_c0_g1_i1::g.2493::m.2493	MT112881.1	25.781	128	77	6	9	124	214	335	4.45e-06	35.4
FatWhiteEye_TRINITY_DN53632_c0_g1::TRINITY_DN53632_c0_g1_i1::g.2493::m.2493	DQ646871.1	25.197	127	77	6	9	123	213	333	6.40e-06	35.0
FatWhiteEye_TRINITY_DN53632_c0_g1::TRINITY_DN53632_c0_g1_i1::g.2493::m.2493	MT112878.1	27.559	127	74	7	9	123	214	334	6.72e-06	34.7
FatWhiteEye_TRINITY_DN5514_c0_g1::TRINITY_DN5514_c0_g1_i1::g.25120::m.25120	MT112866.1	67.176	131	42	1	1	130	163	293	2.43e-64	192
FatWhiteEye_TRINITY_DN5514_c0_g1::TRINITY_DN5514_c0_g1_i1::g.25120::m.25120	MT112863.1	68.702	131	40	1	1	130	163	293	4.46e-63	189
FatWhiteEye_TRINITY_DN5514_c0_g1::TRINITY_DN5514_c0_g1_i1::g.25120::m.25120	MT112862.1	66.412	131	43	1	1	130	161	291	1.17e-61	185
FatWhiteEye_TRINITY_DN5514_c0_g1::TRINITY_DN5514_c0_g1_i1::g.25120::m.25120	MG020522.1	56.489	131	56	1	1	130	160	290	1.26e-50	156
FatWhiteEye_TRINITY_DN5514_c0_g1::TRINITY_DN5514_c0_g1_i1::g.25120::m.25120	MT112867.1	55.725	131	57	1	1	130	160	290	2.83e-49	153
FatWhiteEye_TRINITY_DN5514_c0_g1::TRINITY_DN5514_c0_g1_i1::g.25120::m.25120	MT112870.1	53.077	130	61	0	1	130	164	293	5.27e-46	144
FatWhiteEye_TRINITY_DN5514_c0_g1::TRINITY_DN5514_c0_g1_i1::g.25120::m.25120	MT112869.1	51.538	130	63	0	1	130	158	287	1.57e-45	143
FatWhiteEye_TRINITY_DN5514_c0_g1::TRINITY_DN5514_c0_g1_i1::g.25120::m.25120	MT112868.1	49.618	131	65	1	1	130	159	289	7.93e-41	131
FatWhiteEye_TRINITY_DN5514_c0_g1::TRINITY_DN5514_c0_g1_i1::g.25120::m.25120	MT112881.1	50.000	130	65	0	1	130	156	285	2.16e-40	130
FatWhiteEye_TRINITY_DN5514_c0_g1::TRINITY_DN5514_c0_g1_i1::g.25120::m.25120	MT112878.1	46.923	130	69	0	1	130	156	285	2.46e-40	130
FatWhiteEye_TRINITY_DN5514_c0_g1::TRINITY_DN5514_c0_g1_i1::g.25120::m.25120	MT112877.1	46.923	130	69	0	1	130	156	285	1.07e-39	128
FatWhiteEye_TRINITY_DN5514_c0_g1::TRINITY_DN5514_c0_g1_i1::g.25120::m.25120	MT112879.1	46.923	130	69	0	1	130	156	285	1.78e-39	127
FatWhiteEye_TRINITY_DN5514_c0_g1::TRINITY_DN5514_c0_g1_i1::g.25120::m.25120	MT112873.1	45.385	130	71	0	1	130	155	284	1.89e-39	127
FatWhiteEye_TRINITY_DN5514_c0_g1::TRINITY_DN5514_c0_g1_i1::g.25120::m.25120	MT112887.1	48.092	131	67	1	1	130	157	287	2.40e-39	127
FatWhiteEye_TRINITY_DN5514_c0_g1::TRINITY_DN5514_c0_g1_i1::g.25120::m.25120	MT112885.1	47.656	128	67	0	1	128	155	282	3.53e-39	126
FatWhiteEye_TRINITY_DN5514_c0_g1::TRINITY_DN5514_c0_g1_i1::g.25120::m.25120	MT112872.1	45.385	130	71	0	1	130	155	284	7.76e-39	125
FatWhiteEye_TRINITY_DN5514_c0_g1::TRINITY_DN5514_c0_g1_i1::g.25120::m.25120	DQ646871.1	44.615	130	72	0	1	130	155	284	5.27e-38	124
FatWhiteEye_TRINITY_DN5514_c0_g1::TRINITY_DN5514_c0_g1_i1::g.25120::m.25120	MT112859.1	46.875	128	68	0	1	128	155	282	6.83e-38	123
FatWhiteEye_TRINITY_DN5514_c0_g1::TRINITY_DN5514_c0_g1_i1::g.25120::m.25120	MT112884.1	44.961	129	70	1	1	128	141	269	1.64e-37	122
FatWhiteEye_TRINITY_DN5514_c0_g1::TRINITY_DN5514_c0_g1_i1::g.25120::m.25120	DQ646869.1	43.077	130	74	0	1	130	155	284	3.02e-37	121
FatWhiteEye_TRINITY_DN5514_c0_g1::TRINITY_DN5514_c0_g1_i1::g.25120::m.25120	MT112871.1	45.312	128	70	0	1	128	155	282	3.20e-37	121
FatWhiteEye_TRINITY_DN5514_c0_g1::TRINITY_DN5514_c0_g1_i1::g.25120::m.25120	MT112886.1	42.969	128	73	0	1	128	156	283	3.59e-37	121
FatWhiteEye_TRINITY_DN5514_c0_g1::TRINITY_DN5514_c0_g1_i1::g.25120::m.25120	MT112861.1	41.538	130	76	0	1	130	157	286	5.67e-37	121
FatWhiteEye_TRINITY_DN5514_c0_g1::TRINITY_DN5514_c0_g1_i1::g.25120::m.25120	MT112864.1	44.275	131	72	1	1	130	159	289	3.69e-35	116
FatWhiteEye_TRINITY_DN5514_c0_g1::TRINITY_DN5514_c0_g1_i1::g.25120::m.25120	MG020521.1	43.511	131	73	1	1	130	150	280	5.87e-35	115
FatWhiteEye_TRINITY_DN5514_c0_g1::TRINITY_DN5514_c0_g1_i1::g.25120::m.25120	MT112883.1	43.511	131	73	1	1	130	150	280	5.87e-35	115
FatWhiteEye_TRINITY_DN5514_c0_g1::TRINITY_DN5514_c0_g1_i1::g.25120::m.25120	MT112882.1	41.085	129	75	1	1	128	141	269	4.73e-34	113
FatWhiteEye_TRINITY_DN5514_c0_g1::TRINITY_DN5514_c0_g1_i1::g.25120::m.25120	MG020524.1	42.636	129	74	0	1	129	156	284	7.38e-34	112
FatWhiteEye_TRINITY_DN5514_c0_g1::TRINITY_DN5514_c0_g1_i1::g.25120::m.25120	MT112865.1	41.860	129	75	0	1	129	155	283	1.26e-33	112
FatWhiteEye_TRINITY_DN5514_c0_g1::TRINITY_DN5514_c0_g1_i1::g.25120::m.25120	OK432517.1	36.923	130	78	3	1	129	167	293	7.26e-27	94.4
FatWhiteEye_TRINITY_DN5514_c0_g1::TRINITY_DN5514_c0_g1_i1::g.25120::m.25120	DQ646870.1	37.879	132	80	2	1	130	150	281	1.79e-26	93.2
FatWhiteEye_TRINITY_DN58515_c0_g1::TRINITY_DN58515_c0_g1_i1::g.22508::m.22508	MT112864.1	34.783	69	42	2	23	90	130	196	5.78e-06	35.0
FatWhiteEye_TRINITY_DN58515_c0_g1::TRINITY_DN58515_c0_g1_i1::g.22508::m.22508	MT112882.1	33.333	93	52	4	36	120	125	215	5.95e-06	35.0
