Chlorica_TRINITY_DN12553_c0_g1::TRINITY_DN12553_c0_g1_i1::g.13005::m.13005	MT112870.1	21.239	226	151	6	1	210	138	352	4.70e-11	53.5
Chlorica_TRINITY_DN12553_c0_g1::TRINITY_DN12553_c0_g1_i1::g.13005::m.13005	MT112869.1	20.264	227	158	4	1	213	132	349	1.80e-10	51.6
Chlorica_TRINITY_DN12553_c0_g1::TRINITY_DN12553_c0_g1_i1::g.13005::m.13005	MT112884.1	23.318	223	136	10	11	213	125	332	1.71e-09	48.5
Chlorica_TRINITY_DN12553_c0_g1::TRINITY_DN12553_c0_g1_i1::g.13005::m.13005	MG020524.1	24.775	222	138	11	13	217	141	350	9.61e-09	46.2
Chlorica_TRINITY_DN12553_c0_g1::TRINITY_DN12553_c0_g1_i1::g.13005::m.13005	MT112882.1	21.457	247	160	10	1	225	115	349	1.21e-08	46.2
Chlorica_TRINITY_DN12553_c0_g1::TRINITY_DN12553_c0_g1_i1::g.13005::m.13005	MT112865.1	24.775	222	138	11	13	217	140	349	1.80e-08	45.4
Chlorica_TRINITY_DN12553_c0_g1::TRINITY_DN12553_c0_g1_i1::g.13005::m.13005	MT112871.1	23.200	250	163	10	12	244	139	376	1.80e-08	45.4
Chlorica_TRINITY_DN12553_c0_g1::TRINITY_DN12553_c0_g1_i1::g.13005::m.13005	MT112881.1	23.148	216	137	10	13	211	141	344	3.20e-08	44.7
Chlorica_TRINITY_DN12553_c0_g1::TRINITY_DN12553_c0_g1_i1::g.13005::m.13005	MT112878.1	24.074	216	133	11	13	210	141	343	4.54e-08	44.3
Chlorica_TRINITY_DN12553_c0_g1::TRINITY_DN12553_c0_g1_i1::g.13005::m.13005	MG020522.1	17.544	228	164	4	1	213	134	352	4.68e-08	44.3
Chlorica_TRINITY_DN12553_c0_g1::TRINITY_DN12553_c0_g1_i1::g.13005::m.13005	MT112885.1	23.176	233	144	10	16	226	144	363	6.32e-08	43.9
Chlorica_TRINITY_DN12553_c0_g1::TRINITY_DN12553_c0_g1_i1::g.13005::m.13005	MT112861.1	23.636	220	143	7	13	217	142	351	6.92e-08	43.9
Chlorica_TRINITY_DN12553_c0_g1::TRINITY_DN12553_c0_g1_i1::g.13005::m.13005	MT112867.1	17.544	228	164	4	1	213	134	352	7.06e-08	43.9
Chlorica_TRINITY_DN12553_c0_g1::TRINITY_DN12553_c0_g1_i1::g.13005::m.13005	DQ646869.1	27.778	126	72	4	106	217	229	349	1.11e-07	43.1
Chlorica_TRINITY_DN12553_c0_g1::TRINITY_DN12553_c0_g1_i1::g.13005::m.13005	MT112859.1	24.775	222	138	10	13	217	140	349	1.22e-07	43.1
Chlorica_TRINITY_DN12553_c0_g1::TRINITY_DN12553_c0_g1_i1::g.13005::m.13005	DQ646871.1	27.778	126	72	4	106	217	229	349	1.37e-07	42.7
Chlorica_TRINITY_DN12553_c0_g1::TRINITY_DN12553_c0_g1_i1::g.13005::m.13005	MT112877.1	23.605	233	142	13	13	222	141	360	4.62e-07	41.2
Chlorica_TRINITY_DN12553_c0_g1::TRINITY_DN12553_c0_g1_i1::g.13005::m.13005	MT112873.1	26.984	126	73	4	106	217	229	349	6.75e-07	40.8
Chlorica_TRINITY_DN12553_c0_g1::TRINITY_DN12553_c0_g1_i1::g.13005::m.13005	OK432517.1	26.357	129	77	5	99	213	232	356	1.72e-06	39.3
Chlorica_TRINITY_DN12553_c0_g1::TRINITY_DN12553_c0_g1_i1::g.13005::m.13005	MT112872.1	26.984	126	73	4	106	217	229	349	1.91e-06	39.3
Chlorica_TRINITY_DN12553_c0_g1::TRINITY_DN12553_c0_g1_i1::g.13005::m.13005	MT112886.1	21.963	214	135	9	19	214	148	347	2.48e-06	38.9
Chlorica_TRINITY_DN12553_c0_g1::TRINITY_DN12553_c0_g1_i1::g.13005::m.13005	MT112887.1	21.481	135	87	2	94	213	219	349	3.06e-06	38.5
Chlorica_TRINITY_DN12553_c0_g1::TRINITY_DN12553_c0_g1_i1::g.13005::m.13005	MG020521.1	20.435	230	154	9	1	213	124	341	3.39e-06	38.5
Chlorica_TRINITY_DN12553_c0_g1::TRINITY_DN12553_c0_g1_i1::g.13005::m.13005	MT112883.1	20.435	230	154	9	1	213	124	341	3.39e-06	38.5
Chlorica_TRINITY_DN12553_c0_g1::TRINITY_DN12553_c0_g1_i1::g.13005::m.13005	MT112866.1	21.324	136	86	3	94	213	225	355	4.96e-06	38.1
Chlorica_TRINITY_DN12553_c0_g1::TRINITY_DN12553_c0_g1_i1::g.13005::m.13005	MT112879.1	25.581	129	81	5	93	211	221	344	6.25e-06	37.7
Chlorica_TRINITY_DN12553_c0_g1::TRINITY_DN12553_c0_g1_i1::g.13005::m.13005	MT112862.1	23.711	97	64	3	118	213	266	353	7.05e-06	37.4
Chlorica_TRINITY_DN12553_c0_g2::TRINITY_DN12553_c0_g2_i1::g.13006::m.13006	MT112870.1	21.239	226	151	6	1	210	138	352	4.70e-11	53.5
Chlorica_TRINITY_DN12553_c0_g2::TRINITY_DN12553_c0_g2_i1::g.13006::m.13006	MT112869.1	20.264	227	158	4	1	213	132	349	1.80e-10	51.6
Chlorica_TRINITY_DN12553_c0_g2::TRINITY_DN12553_c0_g2_i1::g.13006::m.13006	MT112884.1	23.318	223	136	10	11	213	125	332	1.71e-09	48.5
Chlorica_TRINITY_DN12553_c0_g2::TRINITY_DN12553_c0_g2_i1::g.13006::m.13006	MG020524.1	24.775	222	138	11	13	217	141	350	9.61e-09	46.2
Chlorica_TRINITY_DN12553_c0_g2::TRINITY_DN12553_c0_g2_i1::g.13006::m.13006	MT112882.1	21.457	247	160	10	1	225	115	349	1.21e-08	46.2
Chlorica_TRINITY_DN12553_c0_g2::TRINITY_DN12553_c0_g2_i1::g.13006::m.13006	MT112865.1	24.775	222	138	11	13	217	140	349	1.80e-08	45.4
Chlorica_TRINITY_DN12553_c0_g2::TRINITY_DN12553_c0_g2_i1::g.13006::m.13006	MT112871.1	23.200	250	163	10	12	244	139	376	1.80e-08	45.4
Chlorica_TRINITY_DN12553_c0_g2::TRINITY_DN12553_c0_g2_i1::g.13006::m.13006	MT112881.1	23.148	216	137	10	13	211	141	344	3.20e-08	44.7
Chlorica_TRINITY_DN12553_c0_g2::TRINITY_DN12553_c0_g2_i1::g.13006::m.13006	MT112878.1	24.074	216	133	11	13	210	141	343	4.54e-08	44.3
Chlorica_TRINITY_DN12553_c0_g2::TRINITY_DN12553_c0_g2_i1::g.13006::m.13006	MG020522.1	17.544	228	164	4	1	213	134	352	4.68e-08	44.3
Chlorica_TRINITY_DN12553_c0_g2::TRINITY_DN12553_c0_g2_i1::g.13006::m.13006	MT112885.1	23.176	233	144	10	16	226	144	363	6.32e-08	43.9
Chlorica_TRINITY_DN12553_c0_g2::TRINITY_DN12553_c0_g2_i1::g.13006::m.13006	MT112861.1	23.636	220	143	7	13	217	142	351	6.92e-08	43.9
Chlorica_TRINITY_DN12553_c0_g2::TRINITY_DN12553_c0_g2_i1::g.13006::m.13006	MT112867.1	17.544	228	164	4	1	213	134	352	7.06e-08	43.9
Chlorica_TRINITY_DN12553_c0_g2::TRINITY_DN12553_c0_g2_i1::g.13006::m.13006	DQ646869.1	27.778	126	72	4	106	217	229	349	1.11e-07	43.1
Chlorica_TRINITY_DN12553_c0_g2::TRINITY_DN12553_c0_g2_i1::g.13006::m.13006	MT112859.1	24.775	222	138	10	13	217	140	349	1.22e-07	43.1
Chlorica_TRINITY_DN12553_c0_g2::TRINITY_DN12553_c0_g2_i1::g.13006::m.13006	DQ646871.1	27.778	126	72	4	106	217	229	349	1.37e-07	42.7
Chlorica_TRINITY_DN12553_c0_g2::TRINITY_DN12553_c0_g2_i1::g.13006::m.13006	MT112877.1	23.605	233	142	13	13	222	141	360	4.62e-07	41.2
Chlorica_TRINITY_DN12553_c0_g2::TRINITY_DN12553_c0_g2_i1::g.13006::m.13006	MT112873.1	26.984	126	73	4	106	217	229	349	6.75e-07	40.8
Chlorica_TRINITY_DN12553_c0_g2::TRINITY_DN12553_c0_g2_i1::g.13006::m.13006	OK432517.1	26.357	129	77	5	99	213	232	356	1.72e-06	39.3
Chlorica_TRINITY_DN12553_c0_g2::TRINITY_DN12553_c0_g2_i1::g.13006::m.13006	MT112872.1	26.984	126	73	4	106	217	229	349	1.91e-06	39.3
Chlorica_TRINITY_DN12553_c0_g2::TRINITY_DN12553_c0_g2_i1::g.13006::m.13006	MT112886.1	21.963	214	135	9	19	214	148	347	2.48e-06	38.9
Chlorica_TRINITY_DN12553_c0_g2::TRINITY_DN12553_c0_g2_i1::g.13006::m.13006	MT112887.1	21.481	135	87	2	94	213	219	349	3.06e-06	38.5
Chlorica_TRINITY_DN12553_c0_g2::TRINITY_DN12553_c0_g2_i1::g.13006::m.13006	MG020521.1	20.435	230	154	9	1	213	124	341	3.39e-06	38.5
Chlorica_TRINITY_DN12553_c0_g2::TRINITY_DN12553_c0_g2_i1::g.13006::m.13006	MT112883.1	20.435	230	154	9	1	213	124	341	3.39e-06	38.5
Chlorica_TRINITY_DN12553_c0_g2::TRINITY_DN12553_c0_g2_i1::g.13006::m.13006	MT112866.1	21.324	136	86	3	94	213	225	355	4.96e-06	38.1
Chlorica_TRINITY_DN12553_c0_g2::TRINITY_DN12553_c0_g2_i1::g.13006::m.13006	MT112879.1	25.581	129	81	5	93	211	221	344	6.25e-06	37.7
Chlorica_TRINITY_DN12553_c0_g2::TRINITY_DN12553_c0_g2_i1::g.13006::m.13006	MT112862.1	23.711	97	64	3	118	213	266	353	7.05e-06	37.4
Chlorica_TRINITY_DN27762_c0_g1::TRINITY_DN27762_c0_g1_i1::g.13053::m.13053	MT112887.1	24.481	241	156	10	8	229	142	375	2.45e-15	66.6
Chlorica_TRINITY_DN27762_c0_g1::TRINITY_DN27762_c0_g1_i1::g.13053::m.13053	MT112868.1	23.868	243	157	10	8	230	144	378	1.95e-13	60.8
Chlorica_TRINITY_DN27762_c0_g1::TRINITY_DN27762_c0_g1_i1::g.13053::m.13053	MT112865.1	25.217	230	158	7	7	226	139	364	4.61e-13	59.7
Chlorica_TRINITY_DN27762_c0_g1::TRINITY_DN27762_c0_g1_i1::g.13053::m.13053	MT112864.1	25.439	228	146	10	8	219	144	363	4.71e-13	59.7
Chlorica_TRINITY_DN27762_c0_g1::TRINITY_DN27762_c0_g1_i1::g.13053::m.13053	MG020524.1	24.783	230	159	7	7	226	140	365	6.88e-13	59.3
Chlorica_TRINITY_DN27762_c0_g1::TRINITY_DN27762_c0_g1_i1::g.13053::m.13053	MT112859.1	24.473	237	162	8	7	232	139	369	8.72e-13	58.9
Chlorica_TRINITY_DN27762_c0_g1::TRINITY_DN27762_c0_g1_i1::g.13053::m.13053	MT112871.1	24.380	242	162	9	2	232	138	369	1.36e-12	58.2
Chlorica_TRINITY_DN27762_c0_g1::TRINITY_DN27762_c0_g1_i1::g.13053::m.13053	MT112866.1	29.032	217	138	9	8	212	148	360	1.73e-12	57.8
Chlorica_TRINITY_DN27762_c0_g1::TRINITY_DN27762_c0_g1_i1::g.13053::m.13053	MT112863.1	27.650	217	141	9	8	212	148	360	6.34e-12	56.2
Chlorica_TRINITY_DN27762_c0_g1::TRINITY_DN27762_c0_g1_i1::g.13053::m.13053	MT112885.1	24.066	241	163	8	7	232	139	374	4.92e-11	53.5
Chlorica_TRINITY_DN27762_c0_g1::TRINITY_DN27762_c0_g1_i1::g.13053::m.13053	MT112879.1	25.234	214	146	7	7	210	140	349	8.79e-11	52.8
Chlorica_TRINITY_DN27762_c0_g1::TRINITY_DN27762_c0_g1_i1::g.13053::m.13053	MG020522.1	25.339	221	137	10	8	210	145	355	6.97e-10	50.1
Chlorica_TRINITY_DN27762_c0_g1::TRINITY_DN27762_c0_g1_i1::g.13053::m.13053	MT112869.1	26.190	252	151	12	8	241	143	377	7.16e-10	50.1
Chlorica_TRINITY_DN27762_c0_g1::TRINITY_DN27762_c0_g1_i1::g.13053::m.13053	MT112862.1	25.571	219	143	9	8	212	146	358	1.72e-09	48.9
Chlorica_TRINITY_DN27762_c0_g1::TRINITY_DN27762_c0_g1_i1::g.13053::m.13053	MT112878.1	24.651	215	146	8	7	210	140	349	2.30e-09	48.5
Chlorica_TRINITY_DN27762_c0_g1::TRINITY_DN27762_c0_g1_i1::g.13053::m.13053	OK432517.1	23.148	216	151	7	7	212	151	361	2.74e-09	48.1
Chlorica_TRINITY_DN27762_c0_g1::TRINITY_DN27762_c0_g1_i1::g.13053::m.13053	MT112870.1	24.691	243	155	12	8	230	149	383	4.01e-09	47.8
Chlorica_TRINITY_DN27762_c0_g1::TRINITY_DN27762_c0_g1_i1::g.13053::m.13053	MT112881.1	22.634	243	174	7	7	239	140	378	4.45e-09	47.4
Chlorica_TRINITY_DN27762_c0_g1::TRINITY_DN27762_c0_g1_i1::g.13053::m.13053	MT112884.1	24.091	220	148	8	2	210	124	335	4.73e-09	47.4
Chlorica_TRINITY_DN27762_c0_g1::TRINITY_DN27762_c0_g1_i1::g.13053::m.13053	MT112867.1	23.288	219	144	9	8	210	145	355	6.24e-09	47.0
Chlorica_TRINITY_DN27762_c0_g1::TRINITY_DN27762_c0_g1_i1::g.13053::m.13053	MT112877.1	23.457	243	172	7	7	239	140	378	9.81e-09	46.2
Chlorica_TRINITY_DN27762_c0_g1::TRINITY_DN27762_c0_g1_i1::g.13053::m.13053	MG020521.1	22.120	217	148	8	8	210	135	344	4.17e-08	44.3
Chlorica_TRINITY_DN27762_c0_g1::TRINITY_DN27762_c0_g1_i1::g.13053::m.13053	MT112883.1	22.120	217	148	8	8	210	135	344	4.17e-08	44.3
Chlorica_TRINITY_DN27762_c0_g1::TRINITY_DN27762_c0_g1_i1::g.13053::m.13053	MT112886.1	21.633	245	176	7	7	241	140	378	1.11e-07	43.1
Chlorica_TRINITY_DN27762_c0_g1::TRINITY_DN27762_c0_g1_i1::g.13053::m.13053	MT112873.1	23.223	211	142	8	15	212	147	350	2.71e-07	42.0
Chlorica_TRINITY_DN27762_c0_g1::TRINITY_DN27762_c0_g1_i1::g.13053::m.13053	MT112861.1	23.043	230	141	9	7	215	141	355	4.34e-07	41.2
Chlorica_TRINITY_DN27762_c0_g1::TRINITY_DN27762_c0_g1_i1::g.13053::m.13053	DQ646871.1	23.223	211	142	8	15	212	147	350	4.80e-07	41.2
Chlorica_TRINITY_DN27762_c0_g1::TRINITY_DN27762_c0_g1_i1::g.13053::m.13053	DQ646869.1	23.585	212	140	8	15	212	147	350	5.54e-07	40.8
Chlorica_TRINITY_DN27762_c0_g1::TRINITY_DN27762_c0_g1_i1::g.13053::m.13053	MT112882.1	24.107	224	143	11	2	210	124	335	1.12e-06	40.0
Chlorica_TRINITY_DN27762_c0_g1::TRINITY_DN27762_c0_g1_i1::g.13053::m.13053	DQ646870.1	22.477	218	147	9	8	210	135	345	9.79e-06	37.0
Chlorica_TRINITY_DN34710_c0_g1::TRINITY_DN34710_c0_g1_i1::g.1711::m.1711	MT112863.1	28.079	203	122	8	30	210	178	378	6.19e-15	63.9
Chlorica_TRINITY_DN34710_c0_g1::TRINITY_DN34710_c0_g1_i1::g.1711::m.1711	MT112861.1	26.794	209	135	7	2	194	145	351	9.46e-15	63.2
Chlorica_TRINITY_DN34710_c0_g1::TRINITY_DN34710_c0_g1_i1::g.1711::m.1711	MT112866.1	25.962	208	130	8	30	215	178	383	1.40e-12	57.0
Chlorica_TRINITY_DN34710_c0_g1::TRINITY_DN34710_c0_g1_i1::g.1711::m.1711	MG020524.1	27.876	226	141	9	2	208	144	366	1.96e-12	56.6
Chlorica_TRINITY_DN34710_c0_g1::TRINITY_DN34710_c0_g1_i1::g.1711::m.1711	MT112882.1	24.762	210	135	7	26	215	152	358	2.90e-12	55.8
Chlorica_TRINITY_DN34710_c0_g1::TRINITY_DN34710_c0_g1_i1::g.1711::m.1711	MG020522.1	27.861	201	122	8	32	211	177	375	3.67e-12	55.8
Chlorica_TRINITY_DN34710_c0_g1::TRINITY_DN34710_c0_g1_i1::g.1711::m.1711	MT112873.1	26.316	209	136	7	2	194	143	349	8.35e-12	54.7
Chlorica_TRINITY_DN34710_c0_g1::TRINITY_DN34710_c0_g1_i1::g.1711::m.1711	MT112865.1	26.432	227	144	9	2	211	143	363	9.09e-12	54.3
Chlorica_TRINITY_DN34710_c0_g1::TRINITY_DN34710_c0_g1_i1::g.1711::m.1711	MT112878.1	27.053	207	133	7	2	192	144	348	1.49e-11	53.9
Chlorica_TRINITY_DN34710_c0_g1::TRINITY_DN34710_c0_g1_i1::g.1711::m.1711	DQ646871.1	26.316	209	136	7	2	194	143	349	1.62e-11	53.9
Chlorica_TRINITY_DN34710_c0_g1::TRINITY_DN34710_c0_g1_i1::g.1711::m.1711	MT112862.1	24.645	211	136	8	26	215	172	380	1.73e-11	53.5
Chlorica_TRINITY_DN34710_c0_g1::TRINITY_DN34710_c0_g1_i1::g.1711::m.1711	MT112886.1	25.316	237	156	8	2	220	144	377	2.68e-11	53.1
Chlorica_TRINITY_DN34710_c0_g1::TRINITY_DN34710_c0_g1_i1::g.1711::m.1711	MT112867.1	28.358	201	121	9	32	211	177	375	2.85e-11	53.1
Chlorica_TRINITY_DN34710_c0_g1::TRINITY_DN34710_c0_g1_i1::g.1711::m.1711	MT112877.1	27.536	207	132	7	2	192	144	348	2.97e-11	53.1
Chlorica_TRINITY_DN34710_c0_g1::TRINITY_DN34710_c0_g1_i1::g.1711::m.1711	MT112884.1	23.469	196	128	7	34	208	160	354	3.86e-11	52.8
Chlorica_TRINITY_DN34710_c0_g1::TRINITY_DN34710_c0_g1_i1::g.1711::m.1711	DQ646869.1	26.794	209	135	7	2	194	143	349	4.03e-11	52.4
Chlorica_TRINITY_DN34710_c0_g1::TRINITY_DN34710_c0_g1_i1::g.1711::m.1711	MT112870.1	26.087	207	121	10	32	211	179	380	5.44e-11	52.4
Chlorica_TRINITY_DN34710_c0_g1::TRINITY_DN34710_c0_g1_i1::g.1711::m.1711	MT112885.1	24.107	224	149	8	2	209	143	361	6.10e-11	52.0
Chlorica_TRINITY_DN34710_c0_g1::TRINITY_DN34710_c0_g1_i1::g.1711::m.1711	MT112872.1	26.316	209	136	7	2	194	143	349	3.13e-10	50.1
Chlorica_TRINITY_DN34710_c0_g1::TRINITY_DN34710_c0_g1_i1::g.1711::m.1711	MT112881.1	27.053	207	133	7	2	192	144	348	4.11e-10	49.7
Chlorica_TRINITY_DN34710_c0_g1::TRINITY_DN34710_c0_g1_i1::g.1711::m.1711	OK432517.1	22.318	233	152	9	5	215	158	383	4.71e-10	49.3
Chlorica_TRINITY_DN34710_c0_g1::TRINITY_DN34710_c0_g1_i1::g.1711::m.1711	MT112879.1	25.743	202	133	6	2	188	144	343	5.69e-10	49.3
Chlorica_TRINITY_DN34710_c0_g1::TRINITY_DN34710_c0_g1_i1::g.1711::m.1711	MT112859.1	23.144	229	158	7	2	214	143	369	1.69e-09	47.8
Chlorica_TRINITY_DN34710_c0_g1::TRINITY_DN34710_c0_g1_i1::g.1711::m.1711	MT112871.1	22.128	235	156	8	2	211	143	375	2.17e-09	47.4
Chlorica_TRINITY_DN34710_c0_g1::TRINITY_DN34710_c0_g1_i1::g.1711::m.1711	MG020521.1	25.543	184	111	7	30	192	165	343	8.73e-09	45.4
Chlorica_TRINITY_DN34710_c0_g1::TRINITY_DN34710_c0_g1_i1::g.1711::m.1711	MT112883.1	25.543	184	111	7	30	192	165	343	8.73e-09	45.4
Chlorica_TRINITY_DN34710_c0_g1::TRINITY_DN34710_c0_g1_i1::g.1711::m.1711	MT112868.1	20.601	233	164	6	1	215	146	375	3.79e-08	43.5
Chlorica_TRINITY_DN34710_c0_g1::TRINITY_DN34710_c0_g1_i1::g.1711::m.1711	MT112869.1	22.010	209	144	6	32	222	173	380	1.40e-07	42.0
Chlorica_TRINITY_DN34710_c0_g1::TRINITY_DN34710_c0_g1_i2::g.1712::m.1712	MT112878.1	28.736	87	57	3	28	112	69	152	2.49e-08	42.0
Chlorica_TRINITY_DN34710_c0_g1::TRINITY_DN34710_c0_g1_i2::g.1712::m.1712	MT112879.1	28.421	95	62	4	21	112	61	152	7.31e-08	40.4
Chlorica_TRINITY_DN34710_c0_g1::TRINITY_DN34710_c0_g1_i2::g.1712::m.1712	MT112877.1	27.586	87	58	3	28	112	69	152	1.69e-07	39.3
Chlorica_TRINITY_DN34710_c0_g1::TRINITY_DN34710_c0_g1_i2::g.1712::m.1712	MT112859.1	30.208	96	61	4	20	112	59	151	6.38e-07	37.7
Chlorica_TRINITY_DN34710_c0_g1::TRINITY_DN34710_c0_g1_i2::g.1712::m.1712	MT112865.1	32.184	87	50	6	30	112	70	151	6.70e-07	37.7
Chlorica_TRINITY_DN34710_c0_g1::TRINITY_DN34710_c0_g1_i2::g.1712::m.1712	DQ646871.1	33.708	89	50	6	28	112	68	151	1.46e-06	36.6
Chlorica_TRINITY_DN34710_c0_g1::TRINITY_DN34710_c0_g1_i2::g.1712::m.1712	MT112881.1	26.437	87	59	3	28	112	69	152	1.62e-06	36.6
Chlorica_TRINITY_DN34710_c0_g1::TRINITY_DN34710_c0_g1_i2::g.1712::m.1712	MT112872.1	33.708	89	50	6	28	112	68	151	2.36e-06	36.2
Chlorica_TRINITY_DN34710_c0_g1::TRINITY_DN34710_c0_g1_i2::g.1712::m.1712	MT112871.1	29.787	94	64	2	20	112	59	151	2.36e-06	36.2
Chlorica_TRINITY_DN34710_c0_g1::TRINITY_DN34710_c0_g1_i2::g.1712::m.1712	MT112873.1	33.708	89	50	6	28	112	68	151	2.50e-06	36.2
Chlorica_TRINITY_DN34710_c0_g1::TRINITY_DN34710_c0_g1_i2::g.1712::m.1712	DQ646869.1	33.708	89	50	6	28	112	68	151	2.52e-06	36.2
Chlorica_TRINITY_DN34710_c0_g1::TRINITY_DN34710_c0_g1_i2::g.1712::m.1712	MT112861.1	28.090	89	59	3	26	112	68	153	8.54e-06	34.7
Chlorica_TRINITY_DN34710_c0_g1::TRINITY_DN34710_c0_g1_i2::g.1712::m.1712	MG020524.1	28.090	89	59	3	26	112	67	152	8.70e-06	34.7
Chlorica_TRINITY_DN34720_c0_g1::TRINITY_DN34720_c0_g1_i1::g.1689::m.1689	MT112887.1	47.684	367	186	4	28	393	13	374	1.13e-125	359
Chlorica_TRINITY_DN34720_c0_g1::TRINITY_DN34720_c0_g1_i1::g.1689::m.1689	MG020522.1	47.645	361	187	2	34	393	20	379	1.26e-124	357
Chlorica_TRINITY_DN34720_c0_g1::TRINITY_DN34720_c0_g1_i1::g.1689::m.1689	MT112867.1	47.645	361	187	2	34	393	20	379	1.32e-123	354
Chlorica_TRINITY_DN34720_c0_g1::TRINITY_DN34720_c0_g1_i1::g.1689::m.1689	MT112863.1	46.594	367	193	3	28	393	18	382	3.39e-122	351
Chlorica_TRINITY_DN34720_c0_g1::TRINITY_DN34720_c0_g1_i1::g.1689::m.1689	MT112868.1	48.571	350	177	3	38	385	23	371	6.49e-122	350
Chlorica_TRINITY_DN34720_c0_g1::TRINITY_DN34720_c0_g1_i1::g.1689::m.1689	MT112866.1	45.924	368	194	4	28	393	18	382	2.76e-121	348
Chlorica_TRINITY_DN34720_c0_g1::TRINITY_DN34720_c0_g1_i1::g.1689::m.1689	MT112862.1	45.946	370	194	4	28	393	16	383	4.27e-121	348
Chlorica_TRINITY_DN34720_c0_g1::TRINITY_DN34720_c0_g1_i1::g.1689::m.1689	MT112864.1	48.739	357	179	3	38	393	23	376	6.05e-120	345
Chlorica_TRINITY_DN34720_c0_g1::TRINITY_DN34720_c0_g1_i1::g.1689::m.1689	MT112869.1	43.799	379	204	3	19	393	7	380	2.33e-119	343
Chlorica_TRINITY_DN34720_c0_g1::TRINITY_DN34720_c0_g1_i1::g.1689::m.1689	MT112870.1	44.915	354	193	2	28	381	18	369	5.19e-115	332
Chlorica_TRINITY_DN34720_c0_g1::TRINITY_DN34720_c0_g1_i1::g.1689::m.1689	MT112885.1	41.714	350	201	3	44	393	26	372	4.94e-95	281
Chlorica_TRINITY_DN34720_c0_g1::TRINITY_DN34720_c0_g1_i1::g.1689::m.1689	MT112859.1	42.197	346	196	4	44	389	26	367	2.57e-93	276
Chlorica_TRINITY_DN34720_c0_g1::TRINITY_DN34720_c0_g1_i1::g.1689::m.1689	MT112865.1	41.081	370	207	6	17	385	5	364	7.64e-93	275
Chlorica_TRINITY_DN34720_c0_g1::TRINITY_DN34720_c0_g1_i1::g.1689::m.1689	MT112871.1	42.075	347	195	5	44	389	26	367	3.15e-92	274
Chlorica_TRINITY_DN34720_c0_g1::TRINITY_DN34720_c0_g1_i1::g.1689::m.1689	MT112877.1	42.192	365	200	6	18	380	6	361	6.77e-92	273
Chlorica_TRINITY_DN34720_c0_g1::TRINITY_DN34720_c0_g1_i1::g.1689::m.1689	MT112881.1	43.787	338	187	3	44	381	27	361	1.55e-91	272
Chlorica_TRINITY_DN34720_c0_g1::TRINITY_DN34720_c0_g1_i1::g.1689::m.1689	MT112879.1	43.769	329	180	4	44	371	27	351	1.61e-91	272
Chlorica_TRINITY_DN34720_c0_g1::TRINITY_DN34720_c0_g1_i1::g.1689::m.1689	MG020524.1	41.983	343	194	4	44	385	27	365	1.14e-90	270
Chlorica_TRINITY_DN34720_c0_g1::TRINITY_DN34720_c0_g1_i1::g.1689::m.1689	MT112882.1	40.456	351	203	6	44	392	12	358	2.43e-90	268
Chlorica_TRINITY_DN34720_c0_g1::TRINITY_DN34720_c0_g1_i1::g.1689::m.1689	MT112873.1	41.620	358	202	6	25	379	6	359	6.92e-90	268
Chlorica_TRINITY_DN34720_c0_g1::TRINITY_DN34720_c0_g1_i1::g.1689::m.1689	MT112878.1	42.560	336	188	4	48	382	31	362	4.12e-89	266
Chlorica_TRINITY_DN34720_c0_g1::TRINITY_DN34720_c0_g1_i1::g.1689::m.1689	DQ646869.1	40.782	358	205	6	25	379	6	359	1.88e-88	264
Chlorica_TRINITY_DN34720_c0_g1::TRINITY_DN34720_c0_g1_i1::g.1689::m.1689	MT112872.1	41.061	358	204	6	25	379	6	359	3.63e-88	263
Chlorica_TRINITY_DN34720_c0_g1::TRINITY_DN34720_c0_g1_i1::g.1689::m.1689	DQ646871.1	41.061	358	204	6	25	379	6	359	4.97e-88	263
Chlorica_TRINITY_DN34720_c0_g1::TRINITY_DN34720_c0_g1_i1::g.1689::m.1689	MT112884.1	39.828	349	204	6	46	391	14	359	8.95e-87	259
Chlorica_TRINITY_DN34720_c0_g1::TRINITY_DN34720_c0_g1_i1::g.1689::m.1689	MG020521.1	39.674	368	201	8	17	379	5	356	9.29e-84	252
Chlorica_TRINITY_DN34720_c0_g1::TRINITY_DN34720_c0_g1_i1::g.1689::m.1689	MT112883.1	39.674	368	201	8	17	379	5	356	9.29e-84	252
Chlorica_TRINITY_DN34720_c0_g1::TRINITY_DN34720_c0_g1_i1::g.1689::m.1689	MT112861.1	37.968	374	221	5	15	387	6	369	8.97e-83	249
Chlorica_TRINITY_DN34720_c0_g1::TRINITY_DN34720_c0_g1_i1::g.1689::m.1689	MT112886.1	37.892	351	212	5	44	392	27	373	9.55e-83	249
Chlorica_TRINITY_DN34720_c0_g1::TRINITY_DN34720_c0_g1_i1::g.1689::m.1689	OK432517.1	34.615	390	239	8	6	387	1	382	1.73e-82	249
Chlorica_TRINITY_DN34720_c0_g1::TRINITY_DN34720_c0_g1_i1::g.1689::m.1689	DQ646870.1	37.398	369	209	9	17	379	5	357	1.09e-72	223
Chlorica_TRINITY_DN34720_c0_g1::TRINITY_DN34720_c0_g1_i2::g.1690::m.1690	MT112866.1	45.098	102	55	1	5	106	125	225	2.01e-27	94.7
Chlorica_TRINITY_DN34720_c0_g1::TRINITY_DN34720_c0_g1_i2::g.1690::m.1690	MG020522.1	41.176	102	59	1	5	106	122	222	1.47e-26	92.4
Chlorica_TRINITY_DN34720_c0_g1::TRINITY_DN34720_c0_g1_i2::g.1690::m.1690	MT112864.1	46.875	96	50	1	5	100	121	215	2.85e-26	91.7
Chlorica_TRINITY_DN34720_c0_g1::TRINITY_DN34720_c0_g1_i2::g.1690::m.1690	MT112867.1	41.176	102	59	1	5	106	122	222	3.29e-26	91.3
Chlorica_TRINITY_DN34720_c0_g1::TRINITY_DN34720_c0_g1_i2::g.1690::m.1690	MT112887.1	46.875	96	50	1	5	100	119	213	4.21e-26	90.9
Chlorica_TRINITY_DN34720_c0_g1::TRINITY_DN34720_c0_g1_i2::g.1690::m.1690	MT112877.1	48.039	102	52	1	5	106	118	218	7.78e-26	90.5
Chlorica_TRINITY_DN34720_c0_g1::TRINITY_DN34720_c0_g1_i2::g.1690::m.1690	MT112861.1	44.660	103	56	1	4	106	118	219	2.23e-25	89.0
Chlorica_TRINITY_DN34720_c0_g1::TRINITY_DN34720_c0_g1_i2::g.1690::m.1690	MT112884.1	41.176	102	59	1	5	106	103	203	2.73e-25	88.6
Chlorica_TRINITY_DN34720_c0_g1::TRINITY_DN34720_c0_g1_i2::g.1690::m.1690	MT112859.1	44.118	102	56	1	5	106	117	217	5.66e-25	87.8
Chlorica_TRINITY_DN34720_c0_g1::TRINITY_DN34720_c0_g1_i2::g.1690::m.1690	MT112865.1	44.118	102	56	1	5	106	117	217	7.45e-25	87.8
Chlorica_TRINITY_DN34720_c0_g1::TRINITY_DN34720_c0_g1_i2::g.1690::m.1690	MT112878.1	46.078	102	54	1	5	106	118	218	9.93e-25	87.4
Chlorica_TRINITY_DN34720_c0_g1::TRINITY_DN34720_c0_g1_i2::g.1690::m.1690	MT112871.1	43.137	102	57	1	5	106	117	217	1.15e-24	87.0
Chlorica_TRINITY_DN34720_c0_g1::TRINITY_DN34720_c0_g1_i2::g.1690::m.1690	MT112862.1	42.157	102	58	1	5	106	123	223	1.59e-24	86.7
Chlorica_TRINITY_DN34720_c0_g1::TRINITY_DN34720_c0_g1_i2::g.1690::m.1690	MT112879.1	46.078	102	54	1	5	106	118	218	1.76e-24	86.7
Chlorica_TRINITY_DN34720_c0_g1::TRINITY_DN34720_c0_g1_i2::g.1690::m.1690	MT112868.1	46.875	96	50	1	5	100	121	215	1.84e-24	86.7
Chlorica_TRINITY_DN34720_c0_g1::TRINITY_DN34720_c0_g1_i2::g.1690::m.1690	MG020524.1	43.137	102	57	1	5	106	118	218	4.21e-24	85.5
Chlorica_TRINITY_DN34720_c0_g1::TRINITY_DN34720_c0_g1_i2::g.1690::m.1690	MT112863.1	42.157	102	58	1	5	106	125	225	4.35e-24	85.5
Chlorica_TRINITY_DN34720_c0_g1::TRINITY_DN34720_c0_g1_i2::g.1690::m.1690	MT112881.1	46.078	102	54	1	5	106	118	218	5.92e-24	85.1
Chlorica_TRINITY_DN34720_c0_g1::TRINITY_DN34720_c0_g1_i2::g.1690::m.1690	MT112872.1	43.137	102	57	1	5	106	117	217	3.82e-23	82.8
Chlorica_TRINITY_DN34720_c0_g1::TRINITY_DN34720_c0_g1_i2::g.1690::m.1690	MT112869.1	42.157	102	58	1	5	106	120	220	3.86e-23	82.8
Chlorica_TRINITY_DN34720_c0_g1::TRINITY_DN34720_c0_g1_i2::g.1690::m.1690	MT112870.1	41.176	102	59	1	5	106	126	226	4.85e-23	82.8
Chlorica_TRINITY_DN34720_c0_g1::TRINITY_DN34720_c0_g1_i2::g.1690::m.1690	DQ646871.1	43.137	102	57	1	5	106	117	217	5.27e-23	82.4
Chlorica_TRINITY_DN34720_c0_g1::TRINITY_DN34720_c0_g1_i2::g.1690::m.1690	MT112873.1	43.137	102	57	1	5	106	117	217	5.27e-23	82.4
Chlorica_TRINITY_DN34720_c0_g1::TRINITY_DN34720_c0_g1_i2::g.1690::m.1690	MG020521.1	47.253	91	47	1	7	97	114	203	7.66e-23	82.0
Chlorica_TRINITY_DN34720_c0_g1::TRINITY_DN34720_c0_g1_i2::g.1690::m.1690	MT112883.1	47.253	91	47	1	7	97	114	203	7.66e-23	82.0
Chlorica_TRINITY_DN34720_c0_g1::TRINITY_DN34720_c0_g1_i2::g.1690::m.1690	MT112885.1	40.777	103	60	1	4	106	116	217	1.84e-22	80.9
Chlorica_TRINITY_DN34720_c0_g1::TRINITY_DN34720_c0_g1_i2::g.1690::m.1690	DQ646869.1	41.176	102	59	1	5	106	117	217	5.22e-22	79.7
Chlorica_TRINITY_DN34720_c0_g1::TRINITY_DN34720_c0_g1_i2::g.1690::m.1690	MT112882.1	41.748	103	59	1	4	106	102	203	7.65e-22	79.3
Chlorica_TRINITY_DN34720_c0_g1::TRINITY_DN34720_c0_g1_i2::g.1690::m.1690	MT112886.1	40.000	100	59	1	7	106	120	218	2.43e-20	75.1
Chlorica_TRINITY_DN34720_c0_g1::TRINITY_DN34720_c0_g1_i2::g.1690::m.1690	OK432517.1	29.787	94	65	1	9	102	133	225	6.00e-19	71.2
Chlorica_TRINITY_DN34720_c0_g1::TRINITY_DN34720_c0_g1_i2::g.1690::m.1690	DQ646870.1	42.391	92	51	2	7	97	114	204	4.21e-18	68.9
Chlorica_TRINITY_DN43328_c0_g1::TRINITY_DN43328_c0_g1_i1::g.17309::m.17309	MT112886.1	23.729	177	132	2	2	175	93	269	4.68e-13	57.0
Chlorica_TRINITY_DN43328_c0_g1::TRINITY_DN43328_c0_g1_i1::g.17309::m.17309	MT112861.1	23.494	166	124	2	2	164	94	259	1.62e-12	55.5
Chlorica_TRINITY_DN43328_c0_g1::TRINITY_DN43328_c0_g1_i1::g.17309::m.17309	MT112865.1	21.858	183	133	3	2	174	92	274	4.66e-12	54.3
Chlorica_TRINITY_DN43328_c0_g1::TRINITY_DN43328_c0_g1_i1::g.17309::m.17309	MT112885.1	22.872	188	125	4	2	174	92	274	2.13e-11	52.4
Chlorica_TRINITY_DN43328_c0_g1::TRINITY_DN43328_c0_g1_i1::g.17309::m.17309	MT112871.1	22.951	183	131	3	2	174	92	274	9.14e-11	50.4
Chlorica_TRINITY_DN43328_c0_g1::TRINITY_DN43328_c0_g1_i1::g.17309::m.17309	MT112859.1	22.404	183	132	3	2	174	92	274	2.32e-10	49.3
Chlorica_TRINITY_DN43328_c0_g1::TRINITY_DN43328_c0_g1_i1::g.17309::m.17309	MG020524.1	21.311	183	134	3	2	174	93	275	1.64e-09	46.6
Chlorica_TRINITY_DN43328_c0_g1::TRINITY_DN43328_c0_g1_i1::g.17309::m.17309	MT112873.1	20.482	166	129	2	2	164	92	257	1.94e-09	46.6
Chlorica_TRINITY_DN43328_c0_g1::TRINITY_DN43328_c0_g1_i1::g.17309::m.17309	DQ646869.1	21.084	166	128	2	2	164	92	257	2.12e-09	46.2
Chlorica_TRINITY_DN43328_c0_g1::TRINITY_DN43328_c0_g1_i1::g.17309::m.17309	MT112872.1	21.084	166	128	2	2	164	92	257	2.26e-09	46.2
Chlorica_TRINITY_DN43328_c0_g1::TRINITY_DN43328_c0_g1_i1::g.17309::m.17309	MT112879.1	20.765	183	135	3	2	174	93	275	3.67e-09	45.8
Chlorica_TRINITY_DN43328_c0_g1::TRINITY_DN43328_c0_g1_i1::g.17309::m.17309	DQ646871.1	20.482	166	129	2	2	164	92	257	5.04e-09	45.4
Chlorica_TRINITY_DN43328_c0_g1::TRINITY_DN43328_c0_g1_i1::g.17309::m.17309	MT112881.1	21.311	183	134	3	2	174	93	275	2.16e-08	43.5
Chlorica_TRINITY_DN43328_c0_g1::TRINITY_DN43328_c0_g1_i1::g.17309::m.17309	MT112878.1	20.219	183	136	3	2	174	93	275	3.49e-08	42.7
Chlorica_TRINITY_DN43328_c0_g1::TRINITY_DN43328_c0_g1_i1::g.17309::m.17309	MT112877.1	20.219	183	136	3	2	174	93	275	4.79e-08	42.4
Chlorica_TRINITY_DN43328_c0_g1::TRINITY_DN43328_c0_g1_i1::g.17309::m.17309	MG020521.1	21.557	167	128	2	1	164	86	252	9.45e-08	41.6
Chlorica_TRINITY_DN43328_c0_g1::TRINITY_DN43328_c0_g1_i1::g.17309::m.17309	MT112883.1	21.557	167	128	2	1	164	86	252	9.45e-08	41.6
Chlorica_TRINITY_DN43328_c0_g1::TRINITY_DN43328_c0_g1_i1::g.17309::m.17309	MT112884.1	21.229	179	125	4	1	175	77	243	2.97e-06	37.0
Chlorica_TRINITY_DN43328_c0_g1::TRINITY_DN43328_c0_g1_i1::g.17309::m.17309	DQ646870.1	21.302	169	127	3	1	164	86	253	4.74e-06	36.6
Chlorica_TRINITY_DN45902_c0_g1::TRINITY_DN45902_c0_g1_i1::g.20716::m.20716	MG020522.1	32.184	87	42	2	15	84	226	312	2.66e-09	43.9
Chlorica_TRINITY_DN45902_c0_g1::TRINITY_DN45902_c0_g1_i1::g.20716::m.20716	MT112867.1	32.184	87	42	2	15	84	226	312	2.72e-09	43.9
Chlorica_TRINITY_DN45902_c0_g1::TRINITY_DN45902_c0_g1_i1::g.20716::m.20716	OK432517.1	27.473	91	50	3	8	82	224	314	8.01e-09	42.4
Chlorica_TRINITY_DN45902_c0_g1::TRINITY_DN45902_c0_g1_i1::g.20716::m.20716	MT112866.1	30.000	100	53	2	2	84	216	315	1.58e-08	41.6
Chlorica_TRINITY_DN45902_c0_g1::TRINITY_DN45902_c0_g1_i1::g.20716::m.20716	MT112863.1	28.125	96	52	2	2	80	216	311	1.09e-07	39.3
Chlorica_TRINITY_DN45902_c0_g1::TRINITY_DN45902_c0_g1_i1::g.20716::m.20716	MT112862.1	29.348	92	48	2	2	76	214	305	2.48e-07	38.1
Chlorica_TRINITY_DN45902_c0_g1::TRINITY_DN45902_c0_g1_i1::g.20716::m.20716	MT112868.1	24.000	100	59	2	2	84	212	311	5.09e-07	37.4
Chlorica_TRINITY_DN45902_c0_g1::TRINITY_DN45902_c0_g1_i1::g.20716::m.20716	MT112887.1	30.208	96	49	3	5	82	212	307	6.05e-07	37.0
Chlorica_TRINITY_DN45902_c0_g1::TRINITY_DN45902_c0_g1_i1::g.20716::m.20716	MT112878.1	29.897	97	52	4	2	82	209	305	1.19e-06	36.2
Chlorica_TRINITY_DN45902_c0_g1::TRINITY_DN45902_c0_g1_i1::g.20716::m.20716	MT112864.1	27.000	100	56	2	2	84	212	311	2.23e-06	35.4
Chlorica_TRINITY_DN45902_c0_g1::TRINITY_DN45902_c0_g1_i1::g.20716::m.20716	MT112881.1	29.897	97	52	4	2	82	209	305	5.35e-06	34.3
Chlorica_TRINITY_DN46561_c0_g1::TRINITY_DN46561_c0_g1_i1::g.16685::m.16685	MT112884.1	35.106	94	60	1	19	111	54	147	2.72e-13	55.8
Chlorica_TRINITY_DN46561_c0_g1::TRINITY_DN46561_c0_g1_i1::g.16685::m.16685	MT112867.1	30.208	96	65	2	9	102	62	157	1.09e-12	53.9
Chlorica_TRINITY_DN46561_c0_g1::TRINITY_DN46561_c0_g1_i1::g.16685::m.16685	MG020522.1	30.208	96	65	2	9	102	62	157	1.55e-12	53.5
Chlorica_TRINITY_DN46561_c0_g1::TRINITY_DN46561_c0_g1_i1::g.16685::m.16685	MT112871.1	29.730	111	74	2	5	111	51	161	4.54e-11	49.3
Chlorica_TRINITY_DN46561_c0_g1::TRINITY_DN46561_c0_g1_i1::g.16685::m.16685	MT112882.1	32.632	95	61	2	11	102	44	138	3.25e-10	47.0
Chlorica_TRINITY_DN46561_c0_g1::TRINITY_DN46561_c0_g1_i1::g.16685::m.16685	MT112859.1	28.829	111	75	2	5	111	51	161	3.48e-10	47.0
Chlorica_TRINITY_DN46561_c0_g1::TRINITY_DN46561_c0_g1_i1::g.16685::m.16685	MT112866.1	26.667	105	75	1	9	111	65	169	6.01e-10	46.2
Chlorica_TRINITY_DN46561_c0_g1::TRINITY_DN46561_c0_g1_i1::g.16685::m.16685	MG020521.1	28.723	94	66	1	19	111	63	156	3.23e-09	43.9
Chlorica_TRINITY_DN46561_c0_g1::TRINITY_DN46561_c0_g1_i1::g.16685::m.16685	MT112883.1	28.723	94	66	1	19	111	63	156	3.23e-09	43.9
Chlorica_TRINITY_DN46561_c0_g1::TRINITY_DN46561_c0_g1_i1::g.16685::m.16685	MT112864.1	26.437	87	62	2	21	105	73	159	5.15e-09	43.5
Chlorica_TRINITY_DN46561_c0_g1::TRINITY_DN46561_c0_g1_i1::g.16685::m.16685	MT112879.1	40.323	62	36	1	19	79	69	130	5.57e-09	43.5
Chlorica_TRINITY_DN46561_c0_g1::TRINITY_DN46561_c0_g1_i1::g.16685::m.16685	MT112863.1	27.826	115	73	3	1	112	64	171	6.66e-09	43.1
Chlorica_TRINITY_DN46561_c0_g1::TRINITY_DN46561_c0_g1_i1::g.16685::m.16685	MT112870.1	24.299	107	79	1	10	114	67	173	7.55e-09	43.1
Chlorica_TRINITY_DN46561_c0_g1::TRINITY_DN46561_c0_g1_i1::g.16685::m.16685	MT112885.1	27.928	111	76	2	9	115	55	165	9.11e-09	42.7
Chlorica_TRINITY_DN46561_c0_g1::TRINITY_DN46561_c0_g1_i1::g.16685::m.16685	MT112877.1	35.484	62	39	1	19	79	69	130	1.36e-08	42.4
Chlorica_TRINITY_DN46561_c0_g1::TRINITY_DN46561_c0_g1_i1::g.16685::m.16685	DQ646870.1	28.431	102	69	2	18	115	62	163	2.03e-08	41.6
Chlorica_TRINITY_DN46561_c0_g1::TRINITY_DN46561_c0_g1_i1::g.16685::m.16685	MT112878.1	35.484	62	39	1	19	79	69	130	2.16e-08	41.6
Chlorica_TRINITY_DN46561_c0_g1::TRINITY_DN46561_c0_g1_i1::g.16685::m.16685	MT112868.1	27.083	96	68	2	9	102	61	156	3.22e-08	41.2
Chlorica_TRINITY_DN46561_c0_g1::TRINITY_DN46561_c0_g1_i1::g.16685::m.16685	MT112869.1	23.276	116	80	2	1	114	59	167	3.83e-08	40.8
Chlorica_TRINITY_DN46561_c0_g1::TRINITY_DN46561_c0_g1_i1::g.16685::m.16685	MT112862.1	28.571	112	73	3	4	111	59	167	3.95e-08	40.8
Chlorica_TRINITY_DN46561_c0_g1::TRINITY_DN46561_c0_g1_i1::g.16685::m.16685	MT112881.1	35.484	62	39	1	19	79	69	130	4.69e-08	40.8
Chlorica_TRINITY_DN46561_c0_g1::TRINITY_DN46561_c0_g1_i1::g.16685::m.16685	OK432517.1	25.243	103	77	0	9	111	71	173	6.29e-08	40.4
Chlorica_TRINITY_DN46561_c0_g1::TRINITY_DN46561_c0_g1_i1::g.16685::m.16685	MT112887.1	28.972	107	67	4	1	105	58	157	6.45e-08	40.4
Chlorica_TRINITY_DN46561_c0_g1::TRINITY_DN46561_c0_g1_i1::g.16685::m.16685	MT112886.1	27.083	96	69	1	21	115	71	166	1.27e-07	39.7
Chlorica_TRINITY_DN46561_c0_g1::TRINITY_DN46561_c0_g1_i1::g.16685::m.16685	MT112865.1	27.273	110	75	4	6	111	53	161	1.65e-07	39.3
Chlorica_TRINITY_DN46561_c0_g1::TRINITY_DN46561_c0_g1_i1::g.16685::m.16685	DQ646871.1	28.947	76	52	2	5	79	55	129	6.77e-07	37.4
Chlorica_TRINITY_DN46561_c0_g1::TRINITY_DN46561_c0_g1_i1::g.16685::m.16685	MG020524.1	27.368	95	66	3	19	111	69	162	1.92e-06	36.2
Chlorica_TRINITY_DN46561_c0_g1::TRINITY_DN46561_c0_g1_i1::g.16685::m.16685	MT112861.1	26.000	100	71	3	18	115	69	167	3.50e-06	35.4
Chlorica_TRINITY_DN46561_c0_g1::TRINITY_DN46561_c0_g1_i1::g.16685::m.16685	DQ646869.1	28.947	76	52	2	5	79	55	129	3.56e-06	35.4
Chlorica_TRINITY_DN46561_c0_g1::TRINITY_DN46561_c0_g1_i1::g.16685::m.16685	MT112873.1	28.947	76	52	2	5	79	55	129	3.56e-06	35.4
Chlorica_TRINITY_DN46561_c0_g1::TRINITY_DN46561_c0_g1_i1::g.16685::m.16685	MT112872.1	28.947	76	52	2	5	79	55	129	3.74e-06	35.4
Chlorica_TRINITY_DN50669_c0_g1::TRINITY_DN50669_c0_g1_i1::g.14536::m.14536	MT112884.1	32.500	120	70	5	5	122	4	114	3.83e-12	52.8
Chlorica_TRINITY_DN50669_c0_g1::TRINITY_DN50669_c0_g1_i1::g.14536::m.14536	MG020521.1	31.092	119	73	6	5	122	13	123	6.14e-10	46.6
Chlorica_TRINITY_DN50669_c0_g1::TRINITY_DN50669_c0_g1_i1::g.14536::m.14536	MT112883.1	31.092	119	73	6	5	122	13	123	6.14e-10	46.6
Chlorica_TRINITY_DN50669_c0_g1::TRINITY_DN50669_c0_g1_i1::g.14536::m.14536	DQ646870.1	30.252	119	74	6	5	122	13	123	2.87e-09	44.7
Chlorica_TRINITY_DN50669_c0_g1::TRINITY_DN50669_c0_g1_i1::g.14536::m.14536	MT112886.1	28.226	124	79	4	4	125	17	132	6.54e-09	43.5
Chlorica_TRINITY_DN50669_c0_g1::TRINITY_DN50669_c0_g1_i1::g.14536::m.14536	MT112866.1	36.923	65	30	2	64	122	77	136	1.77e-08	42.4
Chlorica_TRINITY_DN50669_c0_g1::TRINITY_DN50669_c0_g1_i1::g.14536::m.14536	MT112865.1	32.558	129	70	8	2	125	15	131	1.87e-08	42.4
Chlorica_TRINITY_DN50669_c0_g1::TRINITY_DN50669_c0_g1_i1::g.14536::m.14536	MT112859.1	36.486	74	42	3	57	126	60	132	1.96e-08	42.4
Chlorica_TRINITY_DN50669_c0_g1::TRINITY_DN50669_c0_g1_i1::g.14536::m.14536	MT112885.1	29.688	128	73	6	4	126	17	132	3.01e-08	41.6
Chlorica_TRINITY_DN50669_c0_g1::TRINITY_DN50669_c0_g1_i1::g.14536::m.14536	MT112882.1	39.024	82	39	5	45	122	40	114	4.19e-08	41.2
Chlorica_TRINITY_DN50669_c0_g1::TRINITY_DN50669_c0_g1_i1::g.14536::m.14536	MT112879.1	30.081	123	75	6	5	125	19	132	5.23e-08	41.2
Chlorica_TRINITY_DN50669_c0_g1::TRINITY_DN50669_c0_g1_i1::g.14536::m.14536	MG020522.1	30.263	76	42	2	53	122	63	133	5.45e-08	40.8
Chlorica_TRINITY_DN50669_c0_g1::TRINITY_DN50669_c0_g1_i1::g.14536::m.14536	MT112881.1	36.047	86	42	5	45	125	55	132	5.82e-08	40.8
Chlorica_TRINITY_DN50669_c0_g1::TRINITY_DN50669_c0_g1_i1::g.14536::m.14536	MT112867.1	30.263	76	42	2	53	122	63	133	6.00e-08	40.8
Chlorica_TRINITY_DN50669_c0_g1::TRINITY_DN50669_c0_g1_i1::g.14536::m.14536	MT112871.1	36.486	74	42	3	57	126	60	132	9.05e-08	40.4
Chlorica_TRINITY_DN50669_c0_g1::TRINITY_DN50669_c0_g1_i1::g.14536::m.14536	MT112863.1	31.579	76	41	2	53	122	66	136	1.75e-07	39.7
Chlorica_TRINITY_DN50669_c0_g1::TRINITY_DN50669_c0_g1_i1::g.14536::m.14536	DQ646871.1	27.559	127	75	6	4	125	17	131	1.89e-07	39.3
Chlorica_TRINITY_DN50669_c0_g1::TRINITY_DN50669_c0_g1_i1::g.14536::m.14536	MT112872.1	27.559	127	75	6	4	125	17	131	4.50e-07	38.5
Chlorica_TRINITY_DN50669_c0_g1::TRINITY_DN50669_c0_g1_i1::g.14536::m.14536	DQ646869.1	27.559	127	75	6	4	125	17	131	4.58e-07	38.5
Chlorica_TRINITY_DN50669_c0_g1::TRINITY_DN50669_c0_g1_i1::g.14536::m.14536	MT112873.1	27.559	127	75	6	4	125	17	131	6.05e-07	38.1
Chlorica_TRINITY_DN50669_c0_g1::TRINITY_DN50669_c0_g1_i1::g.14536::m.14536	MT112877.1	33.735	83	48	4	45	125	55	132	6.80e-07	37.7
Chlorica_TRINITY_DN50669_c0_g1::TRINITY_DN50669_c0_g1_i1::g.14536::m.14536	MT112878.1	33.735	83	48	4	45	125	55	132	1.02e-06	37.4
Chlorica_TRINITY_DN50669_c0_g1::TRINITY_DN50669_c0_g1_i1::g.14536::m.14536	MG020524.1	34.848	66	39	2	62	125	69	132	1.58e-06	37.0
Chlorica_TRINITY_DN50669_c0_g1::TRINITY_DN50669_c0_g1_i1::g.14536::m.14536	MT112861.1	34.375	64	38	3	64	125	72	133	1.78e-06	36.6
Chlorica_TRINITY_DN50669_c0_g1::TRINITY_DN50669_c0_g1_i1::g.14536::m.14536	MT112864.1	48.387	31	16	0	64	94	73	103	3.39e-06	35.8
Chlorica_TRINITY_DN50669_c0_g1::TRINITY_DN50669_c0_g1_i1::g.14536::m.14536	MT112862.1	28.571	77	44	2	52	122	63	134	5.61e-06	35.0
Chlorica_TRINITY_DN50669_c0_g1::TRINITY_DN50669_c0_g1_i1::g.14536::m.14536	MT112870.1	30.435	46	32	0	53	98	67	112	5.61e-06	35.0
Chlorica_TRINITY_DN50669_c0_g1::TRINITY_DN50669_c0_g1_i1::g.14536::m.14536	MT112868.1	27.586	87	51	3	46	125	54	135	8.59e-06	34.7
Chlorica_TRINITY_DN53154_c0_g1::TRINITY_DN53154_c0_g1_i1::g.17729::m.17729	OK432517.1	21.277	94	64	2	51	135	215	307	1.90e-06	37.0
Chlorica_TRINITY_DN63368_c0_g1::TRINITY_DN63368_c0_g1_i1::g.6337::m.6337	MT112885.1	34.247	73	45	1	28	100	265	334	5.76e-07	37.0
Chlorica_TRINITY_DN63368_c0_g1::TRINITY_DN63368_c0_g1_i1::g.6337::m.6337	MT112882.1	24.752	101	63	2	5	100	229	321	2.37e-06	35.4
Chlorica_TRINITY_DN63368_c0_g1::TRINITY_DN63368_c0_g1_i1::g.6337::m.6337	MG020521.1	23.762	101	64	2	5	100	238	330	6.00e-06	34.3
Chlorica_TRINITY_DN63368_c0_g1::TRINITY_DN63368_c0_g1_i1::g.6337::m.6337	MT112883.1	23.762	101	64	2	5	100	238	330	6.00e-06	34.3
Chlorica_TRINITY_DN63368_c0_g1::TRINITY_DN63368_c0_g1_i1::g.6337::m.6337	MG020524.1	35.294	68	39	2	35	100	271	335	8.28e-06	33.9
Chlorica_TRINITY_DN63368_c0_g1::TRINITY_DN63368_c0_g1_i1::g.6337::m.6337	MT112859.1	30.137	73	48	1	28	100	265	334	9.22e-06	33.9
Chlorica_TRINITY_DN63368_c0_g1::TRINITY_DN63368_c0_g1_i1::g.6337::m.6337	MT112871.1	32.258	62	39	1	39	100	276	334	9.31e-06	33.9
Chlorica_TRINITY_DN69571_c0_g1::TRINITY_DN69571_c0_g1_i1::g.5290::m.5290	MT112881.1	27.273	110	78	1	21	130	61	168	3.36e-12	53.1
Chlorica_TRINITY_DN69571_c0_g1::TRINITY_DN69571_c0_g1_i1::g.5290::m.5290	MT112877.1	25.714	105	76	1	21	125	61	163	4.98e-11	50.1
Chlorica_TRINITY_DN69571_c0_g1::TRINITY_DN69571_c0_g1_i1::g.5290::m.5290	MT112878.1	25.714	105	76	1	21	125	61	163	8.89e-11	49.3
Chlorica_TRINITY_DN69571_c0_g1::TRINITY_DN69571_c0_g1_i1::g.5290::m.5290	MT112885.1	27.350	117	78	2	20	131	59	173	8.94e-11	49.3
Chlorica_TRINITY_DN69571_c0_g1::TRINITY_DN69571_c0_g1_i1::g.5290::m.5290	MT112884.1	27.000	100	71	1	26	125	51	148	9.90e-11	48.9
Chlorica_TRINITY_DN69571_c0_g1::TRINITY_DN69571_c0_g1_i1::g.5290::m.5290	MT112859.1	28.571	105	70	2	24	125	60	162	1.74e-10	48.1
Chlorica_TRINITY_DN69571_c0_g1::TRINITY_DN69571_c0_g1_i1::g.5290::m.5290	MT112879.1	28.319	113	74	2	23	130	63	173	2.54e-10	47.8
Chlorica_TRINITY_DN69571_c0_g1::TRINITY_DN69571_c0_g1_i1::g.5290::m.5290	MT112865.1	26.000	100	72	1	26	125	65	162	2.80e-10	47.8
Chlorica_TRINITY_DN69571_c0_g1::TRINITY_DN69571_c0_g1_i1::g.5290::m.5290	MT112886.1	26.957	115	78	2	19	133	59	167	2.96e-10	47.8
Chlorica_TRINITY_DN69571_c0_g1::TRINITY_DN69571_c0_g1_i1::g.5290::m.5290	MT112871.1	28.571	105	70	2	24	125	60	162	7.26e-10	46.6
Chlorica_TRINITY_DN69571_c0_g1::TRINITY_DN69571_c0_g1_i1::g.5290::m.5290	MG020524.1	26.000	100	72	1	26	125	66	163	7.99e-10	46.6
Chlorica_TRINITY_DN69571_c0_g1::TRINITY_DN69571_c0_g1_i1::g.5290::m.5290	MG020521.1	24.000	100	74	1	26	125	60	157	8.44e-10	46.2
Chlorica_TRINITY_DN69571_c0_g1::TRINITY_DN69571_c0_g1_i1::g.5290::m.5290	MT112883.1	24.000	100	74	1	26	125	60	157	8.44e-10	46.2
Chlorica_TRINITY_DN69571_c0_g1::TRINITY_DN69571_c0_g1_i1::g.5290::m.5290	DQ646871.1	27.358	106	72	3	23	125	59	162	3.02e-09	44.7
Chlorica_TRINITY_DN69571_c0_g1::TRINITY_DN69571_c0_g1_i1::g.5290::m.5290	DQ646870.1	24.000	100	74	1	26	125	60	157	3.38e-09	44.7
Chlorica_TRINITY_DN69571_c0_g1::TRINITY_DN69571_c0_g1_i1::g.5290::m.5290	MT112873.1	24.528	106	75	2	23	125	59	162	6.90e-09	43.9
Chlorica_TRINITY_DN69571_c0_g1::TRINITY_DN69571_c0_g1_i1::g.5290::m.5290	MT112882.1	24.000	100	74	1	26	125	51	148	9.84e-09	43.1
Chlorica_TRINITY_DN69571_c0_g1::TRINITY_DN69571_c0_g1_i1::g.5290::m.5290	MT112872.1	26.263	99	68	2	23	118	59	155	1.20e-08	43.1
Chlorica_TRINITY_DN69571_c0_g1::TRINITY_DN69571_c0_g1_i1::g.5290::m.5290	MT112864.1	28.155	103	72	2	31	133	73	173	1.31e-08	42.7
Chlorica_TRINITY_DN69571_c0_g1::TRINITY_DN69571_c0_g1_i1::g.5290::m.5290	DQ646869.1	26.263	99	68	2	23	118	59	155	1.34e-08	42.7
Chlorica_TRINITY_DN69571_c0_g1::TRINITY_DN69571_c0_g1_i1::g.5290::m.5290	MT112887.1	26.733	101	73	1	26	126	66	165	1.65e-08	42.7
Chlorica_TRINITY_DN69571_c0_g1::TRINITY_DN69571_c0_g1_i1::g.5290::m.5290	MT112868.1	28.070	114	77	3	23	133	62	173	1.72e-08	42.7
Chlorica_TRINITY_DN69571_c0_g1::TRINITY_DN69571_c0_g1_i1::g.5290::m.5290	MT112870.1	24.324	111	82	2	23	133	70	178	2.51e-08	42.0
Chlorica_TRINITY_DN69571_c0_g1::TRINITY_DN69571_c0_g1_i1::g.5290::m.5290	MT112866.1	25.641	117	81	3	21	133	63	177	4.56e-08	41.2
Chlorica_TRINITY_DN69571_c0_g1::TRINITY_DN69571_c0_g1_i1::g.5290::m.5290	OK432517.1	28.037	107	69	3	24	125	71	174	7.22e-08	40.8
Chlorica_TRINITY_DN69571_c0_g1::TRINITY_DN69571_c0_g1_i1::g.5290::m.5290	MT112861.1	23.958	96	71	1	23	118	64	157	1.26e-07	40.0
Chlorica_TRINITY_DN69571_c0_g1::TRINITY_DN69571_c0_g1_i1::g.5290::m.5290	MT112863.1	24.510	102	72	2	21	118	63	163	3.52e-07	38.9
Chlorica_TRINITY_DN69571_c0_g1::TRINITY_DN69571_c0_g1_i1::g.5290::m.5290	MT112862.1	26.126	111	80	2	23	133	67	175	1.24e-06	37.4
Chlorica_TRINITY_DN69571_c0_g1::TRINITY_DN69571_c0_g1_i1::g.5290::m.5290	MT112867.1	28.319	113	75	3	21	129	60	170	7.40e-06	35.0
Chlorica_TRINITY_DN72938_c0_g1::TRINITY_DN72938_c0_g1_i1::g.13205::m.13205	MT112885.1	18.935	169	117	5	4	153	165	332	1.61e-08	43.1
Chlorica_TRINITY_DN72938_c0_g1::TRINITY_DN72938_c0_g1_i1::g.13205::m.13205	MT112872.1	18.045	133	103	3	4	130	165	297	2.23e-08	42.7
Chlorica_TRINITY_DN72938_c0_g1::TRINITY_DN72938_c0_g1_i1::g.13205::m.13205	MT112873.1	17.293	133	104	3	4	130	165	297	2.23e-08	42.7
Chlorica_TRINITY_DN72938_c0_g1::TRINITY_DN72938_c0_g1_i1::g.13205::m.13205	DQ646869.1	18.045	133	103	3	4	130	165	297	2.45e-08	42.7
Chlorica_TRINITY_DN72938_c0_g1::TRINITY_DN72938_c0_g1_i1::g.13205::m.13205	DQ646871.1	17.293	133	104	3	4	130	165	297	3.52e-08	42.4
Chlorica_TRINITY_DN72938_c0_g1::TRINITY_DN72938_c0_g1_i1::g.13205::m.13205	MT112886.1	18.045	133	103	3	4	130	166	298	1.46e-07	40.4
Chlorica_TRINITY_DN72938_c0_g1::TRINITY_DN72938_c0_g1_i1::g.13205::m.13205	MT112871.1	20.118	169	115	5	4	153	165	332	5.11e-07	38.9
Chlorica_TRINITY_DN72938_c0_g1::TRINITY_DN72938_c0_g1_i1::g.13205::m.13205	MT112882.1	19.737	152	112	5	5	148	152	301	5.19e-07	38.9
Chlorica_TRINITY_DN72938_c0_g1::TRINITY_DN72938_c0_g1_i1::g.13205::m.13205	MG020524.1	20.149	134	99	4	4	130	166	298	8.76e-07	38.1
Chlorica_TRINITY_DN72938_c0_g1::TRINITY_DN72938_c0_g1_i1::g.13205::m.13205	OK432517.1	29.213	89	58	3	65	148	237	325	9.31e-07	38.1
Chlorica_TRINITY_DN72938_c0_g1::TRINITY_DN72938_c0_g1_i1::g.13205::m.13205	MT112879.1	18.750	160	110	5	13	153	175	333	1.22e-06	37.7
Chlorica_TRINITY_DN72938_c0_g1::TRINITY_DN72938_c0_g1_i1::g.13205::m.13205	MT112861.1	17.532	154	115	4	4	151	167	314	2.65e-06	36.6
Chlorica_TRINITY_DN72938_c0_g1::TRINITY_DN72938_c0_g1_i1::g.13205::m.13205	MT112862.1	17.647	170	118	6	5	153	172	340	3.36e-06	36.6
Chlorica_TRINITY_DN72938_c0_g1::TRINITY_DN72938_c0_g1_i1::g.13205::m.13205	MT112859.1	19.760	167	114	5	6	153	167	332	4.04e-06	36.2
Chlorica_TRINITY_DN72938_c0_g1::TRINITY_DN72938_c0_g1_i1::g.13205::m.13205	MT112878.1	18.045	133	101	4	5	130	167	298	4.89e-06	35.8
